year,position_text,position_quali,last_1,sma
2017,1,2,,
2017,2,1,,1.0
2017,R,10,,0.0
2017,R,6,,0.0
2017,4,4,,3.0
2017,11,12,,10.0
2017,10,14,,9.0
2017,13,18,,12.0
2017,12,16,,11.0
2017,5,5,,4.0
2017,6,7,,5.0
2017,9,9,,8.0
2017,8,8,,7.0
2017,7,11,,6.0
2017,R,20,,0.0
2017,R,19,,0.0
2017,R,17,,0.0
2017,R,15,,0.0
2017,R,13,,13.0
2017,3,3,,2.0
2017,15,14,R,14.0
2017,14,6,6,13.0
2017,R,16,13,0.0
2017,R,13,R,15.0
2017,3,19,5,2.0
2017,2,2,1,1.0
2017,13,18,R,12.0
2017,12,7,11,11.0
2017,11,17,R,10.0
2017,R,9,9,0.0
2017,9,8,7,8.0
2017,10,20,10,9.0
2017,R,10,R,0.0
2017,R,15,12,0.0
2017,1,1,2,0.0
2017,8,12,R,7.0
2017,7,11,8,6.0
2017,6,3,3,5.0
2017,5,4,4,4.0
2017,4,5,R,3.0
2017,R,12,R,0.0
2017,R,6,3,0.0
2017,4,5,5,3.0
2017,3,1,6,2.0
2017,6,8,14,5.0
2017,7,18,9,6.0
2017,R,17,R,0.0
2017,1,3,2,0.0
2017,10,14,10,9.0
2017,2,2,1,1.0
2017,12,11,R,11.0
2017,13,10,13,12.0
2017,R,16,7,0.0
2017,R,19,15,14.0
2017,8,9,11,7.0
2017,5,4,4,4.0
2017,14,15,R,13.0
2017,11,13,,10.0
2017,9,7,12,8.0
2017,R,20,8,0.0
2017,9,6,6,8.0
2017,10,11,R,9.0
2017,7,10,10,6.0
2017,8,8,9,7.0
2017,1,3,3,0.0
2017,2,1,1,1.0
2017,6,9,7,5.0
2017,5,7,R,4.0
2017,4,4,2,3.0
2017,3,2,4,2.0
2017,11,12,R,10.0
2017,12,13,12,11.0
2017,R,20,8,0.0
2017,W,15,14,0.0
2017,14,17,R,13.0
2017,13,14,R,12.0
2017,16,18,11,15.0
2017,R,5,5,16.0
2017,R,16,13,0.0
2017,15,19,R,14.0
2017,R,3,1,16.0
2017,R,19,14,0.0
2017,R,5,5,0.0
2017,R,4,3,0.0
2017,5,10,7,4.0
2017,6,13,8,5.0
2017,7,12,10,6.0
2017,8,15,16,7.0
2017,9,20,12,8.0
2017,10,14,R,9.0
2017,11,16,15,10.0
2017,12,7,W,11.0
2017,13,9,9,12.0
2017,14,11,13,13.0
2017,15,17,R,14.0
2017,16,18,11,15.0
2017,3,6,R,2.0
2017,4,8,6,3.0
2017,2,2,2,1.0
2017,1,1,4,0.0
2017,R,20,11,0.0
2017,R,9,,0.0
2017,R,19,8,0.0
2017,R,12,6,0.0
2017,5,4,R,4.0
2017,6,6,7,5.0
2017,7,14,1,6.0
2017,8,8,10,7.0
2017,9,15,13,8.0
2017,10,13,14,9.0
2017,11,17,15,10.0
2017,12,16,5,11.0
2017,13,7,4,12.0
2017,14,11,9,13.0
2017,15,18,16,14.0
2017,R,10,R,15.0
2017,1,2,2,0.0
2017,2,1,R,1.0
2017,3,5,3,2.0
2017,4,3,R,3.0
2017,1,1,7,0.0
2017,2,3,4,1.0
2017,3,6,3,2.0
2017,4,2,1,3.0
2017,5,8,13,4.0
2017,6,9,12,5.0
2017,7,4,2,6.0
2017,8,10,R,7.0
2017,16,12,12,15.0
2017,15,20,R,14.0
2017,14,16,R,13.0
2017,13,19,R,12.0
2017,R,13,6,0.0
2017,R,7,9,0.0
2017,R,5,5,0.0
2017,R,11,14,16.0
2017,12,18,10,11.0
2017,11,15,11,10.0
2017,10,14,8,9.0
2017,9,17,15,8.0
2017,4,4,4,3.0
2017,3,8,9,2.0
2017,2,2,2,1.0
2017,1,10,3,0.0
2017,12,19,14,11.0
2017,R,11,R,0.0
2017,R,5,R,0.0
2017,R,14,8,0.0
2017,R,9,R,0.0
2017,R,6,5,14.0
2017,14,3,7,13.0
2017,13,17,10,12.0
2017,8,12,R,7.0
2017,11,18,13,10.0
2017,10,15,15,9.0
2017,9,16,16,8.0
2017,6,7,6,5.0
2017,7,13,12,6.0
2017,5,1,1,4.0
2017,1,1,2,0.0
2017,R,10,8,16.0
2017,16,14,R,15.0
2017,15,19,11,14.0
2017,14,20,10,13.0
2017,13,11,R,12.0
2017,12,13,12,11.0
2017,11,16,11,10.0
2017,10,18,3,9.0
2017,9,17,R,8.0
2017,8,9,6,7.0
2017,7,8,R,6.0
2017,6,7,13,5.0
2017,5,4,14,4.0
2017,4,3,5,3.0
2017,3,5,1,2.0
2017,2,2,4,1.0
2017,R,12,9,0.0
2017,R,6,R,0.0
2017,R,15,7,0.0
2017,13,10,6,12.0
2017,9,7,7,8.0
2017,12,17,R,11.0
2017,11,9,12,10.0
2017,10,15,9,9.0
2017,5,20,3,4.0
2017,4,5,R,3.0
2017,3,2,5,2.0
2017,2,4,1,1.0
2017,1,1,4,0.0
2017,8,8,8,7.0
2017,7,3,2,6.0
2017,6,6,13,5.0
2017,17,18,14,16.0
2017,R,11,11,0.0
2017,R,14,R,0.0
2017,R,13,R,17.0
2017,15,12,16,14.0
2017,16,16,10,15.0
2017,14,19,15,13.0
2017,9,12,8,8.0
2017,1,1,7,0.0
2017,8,14,9,7.0
2017,7,10,R,6.0
2017,6,8,R,5.0
2017,5,5,4,4.0
2017,4,4,1,3.0
2017,3,3,2,2.0
2017,2,2,3,1.0
2017,14,17,16,13.0
2017,R,15,13,0.0
2017,R,6,5,0.0
2017,17,7,6,16.0
2017,R,19,,17.0
2017,10,9,11,9.0
2017,12,11,R,11.0
2017,11,13,15,10.0
2017,16,20,14,15.0
2017,15,18,17,14.0
2017,13,16,12,12.0
2017,R,20,15,0.0
2017,17,8,8,16.0
2017,R,11,6,17.0
2017,R,5,5,0.0
2017,1,1,4,0.0
2017,5,3,3,4.0
2017,6,7,17,5.0
2017,8,16,10,7.0
2017,7,12,R,6.0
2017,10,14,7,9.0
2017,11,18,14,10.0
2017,12,17,11,11.0
2017,9,9,9,8.0
2017,13,10,12,12.0
2017,14,15,10,13.0
2017,16,19,16,15.0
2017,15,13,13,14.0
2017,2,2,1,1.0
2017,3,6,R,2.0
2017,4,4,2,3.0
2017,3,8,2,2.0
2017,2,6,5,1.0
2017,1,1,1,0.0
2017,4,3,3,3.0
2017,16,19,R,15.0
2017,13,12,6,12.0
2017,14,15,10,13.0
2017,15,20,7,14.0
2017,11,16,15,10.0
2017,10,2,R,9.0
2017,9,11,17,8.0
2017,12,14,12,11.0
2017,R,17,13,0.0
2017,17,13,R,16.0
2017,18,18,16,17.0
2017,R,10,14,18.0
2017,8,9,8,7.0
2017,5,7,4,4.0
2017,6,5,9,5.0
2017,7,4,11,6.0
2017,11,17,8,10.0
2017,10,14,6,9.0
2017,9,15,15,8.0
2017,8,18,7,7.0
2017,7,9,R,6.0
2017,6,11,R,5.0
2017,5,12,9,4.0
2017,R,4,5,0.0
2017,R,20,18,0.0
2017,R,7,13,0.0
2017,R,16,11,12.0
2017,12,19,16,11.0
2017,4,10,14,3.0
2017,2,3,4,1.0
2017,1,5,1,0.0
2017,3,6,2,2.0
2017,R,13,12,0.0
2017,R,8,17,0.0
2017,R,1,3,0.0
2017,R,2,10,0.0
2017,R,14,4,18.0
2017,18,19,R,17.0
2017,17,18,12,16.0
2017,16,8,R,15.0
2017,R,2,R,0.0
2017,5,5,3,4.0
2017,7,7,7,6.0
2017,4,20,R,3.0
2017,12,17,R,11.0
2017,1,3,R,0.0
2017,3,4,2,2.0
2017,2,1,1,1.0
2017,6,9,5,5.0
2017,13,16,9,12.0
2017,15,12,6,14.0
2017,8,13,8,7.0
2017,14,15,,13.0
2017,9,11,11,8.0
2017,10,6,10,9.0
2017,11,10,R,10.0
2017,4,2,5,3.0
2017,11,10,11,10.0
2017,9,16,13,8.0
2017,10,9,9,9.0
2017,2,5,1,1.0
2017,3,4,3,2.0
2017,1,1,2,0.0
2017,8,13,12,7.0
2017,7,8,6,6.0
2017,6,7,10,5.0
2017,5,6,R,4.0
2017,12,14,15,11.0
2017,R,3,4,0.0
2017,R,19,18,0.0
2017,R,12,16,0.0
2017,R,18,8,15.0
2017,15,20,17,14.0
2017,14,11,7,13.0
2017,13,17,14,12.0
2017,R,15,R,0.0
2017,4,6,2,3.0
2017,7,8,R,6.0
2017,5,3,4,4.0
2017,6,7,6,5.0
2017,2,2,R,1.0
2017,3,5,5,2.0
2017,1,1,1,0.0
2017,11,17,R,10.0
2017,15,16,R,14.0
2017,14,14,9,13.0
2017,13,18,,12.0
2017,16,20,8,15.0
2017,R,19,15,0.0
2017,R,4,3,0.0
2017,R,9,11,16.0
2017,R,15,R,0.0
2017,12,13,14,11.0
2017,9,11,10,8.0
2017,10,12,R,9.0
2017,8,10,7,7.0
2017,4,1,2,3.0
2017,5,6,6,4.0
2017,6,12,11,5.0
2017,11,11,9,10.0
2017,12,15,12,11.0
2017,14,17,R,12.0
2017,15,19,14,14.0
2017,R,9,7,15.0
2017,R,16,15,0.0
2017,R,13,13,0.0
2017,R,8,R,0.0
2017,R,7,R,0.0
2017,3,5,3,2.0
2017,1,2,4,0.0
2017,2,4,5,1.0
2017,7,10,8,6.0
2017,8,18,16,7.0
2017,9,3,1,8.0
2017,10,14,R,9.0
2017,13,19,R,12.0
2017,14,16,14,13.0
2017,15,12,15,14.0
2017,16,18,6,15.0
2017,9,6,7,8.0
2017,10,8,R,9.0
2017,11,9,R,10.0
2017,12,17,13,11.0
2017,8,7,10,7.0
2017,7,10,11,6.0
2017,6,5,R,5.0
2017,5,4,1,4.0
2017,1,2,4,0.0
2017,2,1,2,1.0
2017,3,3,3,2.0
2017,4,20,9,3.0
2017,R,15,R,16.0
2017,R,11,5,0.0
2017,R,13,12,0.0
2017,R,14,8,0.0
2017,12,13,R,11.0
2017,11,16,15,10.0
2017,10,10,7,9.0
2017,9,11,8,8.0
2017,1,1,2,0.0
2017,2,2,4,1.0
2017,3,3,1,2.0
2017,4,5,3,3.0
2017,8,9,R,7.0
2017,7,8,9,6.0
2017,6,7,10,5.0
2017,5,6,5,4.0
2017,17,19,13,16.0
2017,18,15,16,17.0
2017,R,12,11,18.0
2017,R,4,6,0.0
2017,16,17,12,15.0
2017,15,20,R,14.0
2017,14,18,14,13.0
2017,13,14,R,12.0
2018,4,5,R,3.0
2018,3,2,4,2.0
2018,2,1,2,1.0
2018,1,3,3,0.0
2018,R,19,,0.0
2018,R,17,17,0.0
2018,R,20,16,0.0
2018,R,6,13,0.0
2018,12,15,8,11.0
2018,11,13,7,10.0
2018,10,9,R,9.0
2018,9,12,12,8.0
2018,R,7,11,15.0
2018,15,16,15,14.0
2018,14,14,18,13.0
2018,13,18,,12.0
2018,8,10,1,7.0
2018,7,8,6,6.0
2018,6,4,5,5.0
2018,5,11,9,4.0
2018,R,5,4,0.0
2018,R,15,6,0.0
2018,R,2,3,17.0
2018,17,11,15,16.0
2018,12,19,13,11.0
2018,11,10,10,10.0
2018,10,9,12,9.0
2018,9,17,R,8.0
2018,16,12,11,15.0
2018,15,18,R,14.0
2018,14,20,14,13.0
2018,13,16,R,12.0
2018,8,14,9,7.0
2018,7,13,5,6.0
2018,6,8,7,5.0
2018,5,7,R,4.0
2018,4,6,R,3.0
2018,3,4,2,2.0
2018,2,3,8,1.0
2018,1,1,1,0.0
2018,13,14,8,12.0
2018,14,18,14,13.0
2018,15,16,15,14.0
2018,16,20,9,15.0
2018,17,10,13,16.0
2018,18,17,4,17.0
2018,19,19,12,18.0
2018,20,15,17,19.0
2018,5,5,R,4.0
2018,6,7,6,5.0
2018,7,13,7,6.0
2018,8,1,1,7.0
2018,1,6,R,0.0
2018,2,3,2,1.0
2018,3,2,R,2.0
2018,4,4,3,3.0
2018,12,8,16,11.0
2018,11,12,10,10.0
2018,10,11,5,9.0
2018,9,9,11,8.0
2018,9,16,13,8.0
2018,10,19,20,9.0
2018,11,18,16,10.0
2018,12,17,18,11.0
2018,1,2,4,20.0
2018,2,6,3,1.0
2018,3,8,12,2.0
2018,4,1,8,3.0
2018,5,10,9,4.0
2018,6,14,19,5.0
2018,7,13,7,6.0
2018,8,11,14,7.0
2018,R,5,5,0.0
2018,R,20,17,0.0
2018,R,3,2,13.0
2018,13,15,10,12.0
2018,R,4,1,0.0
2018,R,9,6,0.0
2018,R,7,11,0.0
2018,R,12,15,0.0
2018,1,1,1,0.0
2018,2,2,R,1.0
2018,3,5,R,2.0
2018,4,3,4,3.0
2018,R,16,R,0.0
2018,R,12,12,0.0
2018,R,10,R,0.0
2018,R,4,2,0.0
2018,13,17,11,12.0
2018,14,18,R,13.0
2018,R,11,9,14.0
2018,R,13,R,0.0
2018,5,6,R,4.0
2018,6,7,13,5.0
2018,7,9,5,6.0
2018,8,8,7,7.0
2018,9,15,3,8.0
2018,10,14,6,9.0
2018,11,19,8,10.0
2018,12,20,10,11.0
2018,13,19,6,12.0
2018,14,12,R,13.0
2018,15,15,R,14.0
2018,16,13,14,15.0
2018,17,18,11,16.0
2018,R,14,10,17.0
2018,R,16,12,0.0
2018,R,7,8,0.0
2018,12,9,9,11.0
2018,11,17,13,10.0
2018,10,8,7,9.0
2018,9,20,3,8.0
2018,8,11,R,7.0
2018,7,10,R,6.0
2018,6,6,R,5.0
2018,5,5,2,4.0
2018,4,4,R,3.0
2018,3,3,1,2.0
2018,2,2,4,1.0
2018,1,1,5,0.0
2018,17,18,16,16.0
2018,R,14,R,17.0
2018,R,12,R,0.0
2018,R,17,17,0.0
2018,12,20,15,11.0
2018,11,16,7,10.0
2018,10,13,R,9.0
2018,9,8,6,8.0
2018,5,4,3,4.0
2018,6,5,4,5.0
2018,7,7,8,6.0
2018,8,9,10,7.0
2018,1,1,2,0.0
2018,2,2,5,1.0
2018,3,3,9,2.0
2018,4,6,1,3.0
2018,13,11,13,12.0
2018,14,10,12,13.0
2018,15,19,11,14.0
2018,16,15,14,15.0
2018,16,16,R,15.0
2018,15,19,17,14.0
2018,14,17,R,13.0
2018,13,15,15,12.0
2018,R,14,11,0.0
2018,R,11,9,0.0
2018,R,13,14,17.0
2018,17,20,R,16.0
2018,8,7,8,7.0
2018,7,2,2,6.0
2018,6,9,13,5.0
2018,5,3,1,4.0
2018,4,5,4,3.0
2018,3,6,6,2.0
2018,2,4,3,1.0
2018,1,1,5,0.0
2018,9,12,7,8.0
2018,10,8,10,9.0
2018,11,10,12,10.0
2018,12,18,16,11.0
2018,5,8,6,4.0
2018,6,11,R,5.0
2018,7,17,R,6.0
2018,8,14,16,7.0
2018,R,10,9,0.0
2018,R,1,7,0.0
2018,R,7,4,0.0
2018,R,19,14,0.0
2018,9,13,10,8.0
2018,10,20,13,9.0
2018,11,12,R,10.0
2018,12,9,8,11.0
2018,R,2,1,15.0
2018,15,16,12,14.0
2018,14,15,17,13.0
2018,13,18,15,12.0
2018,1,5,2,0.0
2018,2,4,3,1.0
2018,3,3,5,2.0
2018,4,6,11,3.0
2018,12,19,14,11.0
2018,11,17,15,10.0
2018,10,12,7,9.0
2018,9,7,5,8.0
2018,5,6,R,4.0
2018,6,11,R,5.0
2018,7,10,6,6.0
2018,8,13,8,7.0
2018,1,2,3,0.0
2018,2,1,R,1.0
2018,3,3,2,2.0
2018,4,4,R,3.0
2018,R,9,9,0.0
2018,R,15,10,0.0
2018,R,16,12,0.0
2018,R,8,4,0.0
2018,R,5,1,0.0
2018,R,20,R,14.0
2018,14,18,13,13.0
2018,13,14,11,12.0
2018,8,16,7,7.0
2018,7,10,10,6.0
2018,6,6,R,5.0
2018,5,7,6,4.0
2018,4,4,R,3.0
2018,3,3,3,2.0
2018,2,2,4,1.0
2018,1,14,2,0.0
2018,13,20,11,12.0
2018,14,17,13,13.0
2018,15,9,R,14.0
2018,16,11,8,15.0
2018,R,15,5,0.0
2018,R,12,14,0.0
2018,R,1,1,0.0
2018,R,19,12,16.0
2018,12,8,R,11.0
2018,11,5,9,10.0
2018,10,18,R,9.0
2018,9,13,R,8.0
2018,1,1,1,0.0
2018,2,4,R,1.0
2018,3,3,3,2.0
2018,4,12,R,3.0
2018,17,15,R,16.0
2018,R,16,13,17.0
2018,R,7,4,0.0
2018,R,17,15,0.0
2018,16,20,R,15.0
2018,15,14,9,14.0
2018,14,19,7,13.0
2018,13,18,8,12.0
2018,8,11,16,7.0
2018,7,9,11,6.0
2018,6,6,14,5.0
2018,5,2,2,4.0
2018,9,5,12,8.0
2018,10,10,6,9.0
2018,11,8,10,10.0
2018,12,13,5,11.0
2018,1,2,2,0.0
2018,2,1,1,1.0
2018,3,7,R,2.0
2018,4,10,5,3.0
2018,R,15,12,0.0
2018,R,17,8,0.0
2018,R,13,R,0.0
2018,R,6,3,0.0
2018,9,11,6,8.0
2018,10,14,15,9.0
2018,11,16,9,10.0
2018,12,18,16,11.0
2018,R,8,4,15.0
2018,15,20,R,14.0
2018,14,12,11,13.0
2018,13,19,17,12.0
2018,8,9,7,7.0
2018,7,5,10,6.0
2018,6,3,13,5.0
2018,5,4,14,4.0
2018,13,14,R,12.0
2018,14,9,9,13.0
2018,15,19,10,14.0
2018,16,11,8,15.0
2018,9,10,13,8.0
2018,10,12,12,9.0
2018,11,17,R,10.0
2018,12,20,15,11.0
2018,8,7,11,7.0
2018,7,16,5,6.0
2018,6,8,6,5.0
2018,5,5,3,4.0
2018,1,3,2,0.0
2018,2,1,R,1.0
2018,3,4,4,2.0
2018,4,2,1,3.0
2018,D,6,7,0.0
2018,R,18,14,0.0
2018,R,13,R,0.0
2018,R,15,R,16.0
2018,18,16,16,17.0
2018,17,17,R,16.0
2018,16,7,7,15.0
2018,15,8,D,14.0
2018,12,18,12,11.0
2018,11,14,15,10.0
2018,10,10,13,9.0
2018,9,13,11,8.0
2018,14,20,9,13.0
2018,13,15,14,12.0
2018,6,6,R,5.0
2018,5,5,2,4.0
2018,2,2,5,1.0
2018,1,1,1,0.0
2018,3,3,4,2.0
2018,4,4,3,3.0
2018,8,12,8,7.0
2018,7,11,R,6.0
2018,19,19,10,18.0
2018,R,9,6,19.0
2018,13,10,11,12.0
2018,14,17,7,13.0
2018,11,9,15,10.0
2018,12,15,10,11.0
2018,10,8,16,9.0
2018,9,6,R,8.0
2018,8,5,18,7.0
2018,7,7,9,6.0
2018,6,12,6,5.0
2018,5,11,2,4.0
2018,R,16,17,0.0
2018,R,13,13,18.0
2018,18,18,19,17.0
2018,17,14,8,16.0
2018,16,19,12,15.0
2018,15,20,14,14.0
2018,1,2,1,0.0
2018,2,1,4,1.0
2018,4,4,5,3.0
2018,3,3,3,2.0
2018,R,12,8,0.0
2018,R,16,12,0.0
2018,13,6,R,12.0
2018,14,18,14,13.0
2018,12,20,13,11.0
2018,11,7,R,10.0
2018,6,9,3,5.0
2018,5,4,4,4.0
2018,8,5,11,7.0
2018,7,10,10,6.0
2018,10,13,17,9.0
2018,9,8,9,8.0
2018,4,15,6,3.0
2018,3,3,5,2.0
2018,2,2,2,1.0
2018,1,1,1,0.0
2018,15,19,16,14.0
2018,16,17,18,15.0
2018,17,14,15,16.0
2018,R,11,7,17.0
2018,10,19,12,9.0
2018,9,14,13,8.0
2018,R,8,8,0.0
2018,R,16,14,0.0
2018,R,5,4,0.0
2018,R,9,R,14.0
2018,13,17,16,12.0
2018,14,18,17,13.0
2018,D,6,9,0.0
2018,D,12,R,0.0
2018,12,13,11,11.0
2018,11,20,15,10.0
2018,8,10,7,7.0
2018,7,11,10,6.0
2018,4,2,6,3.0
2018,3,1,1,2.0
2018,5,4,2,4.0
2018,6,7,R,5.0
2018,2,15,3,1.0
2018,1,3,5,0.0
2018,3,6,1,2.0
2018,4,3,3,3.0
2018,9,10,10,8.0
2018,10,15,12,9.0
2018,R,8,7,0.0
2018,R,12,R,0.0
2018,16,16,R,15.0
2018,15,18,D,14.0
2018,14,14,9,13.0
2018,13,20,13,12.0
2018,1,2,2,0.0
2018,2,4,4,1.0
2018,R,13,8,0.0
2018,R,1,R,16.0
2018,5,5,5,4.0
2018,6,7,6,5.0
2018,7,9,R,6.0
2018,8,17,11,7.0
2018,12,19,14,11.0
2018,11,11,D,10.0
2018,18,19,12,17.0
2018,17,18,R,16.0
2018,14,20,8,13.0
2018,13,10,10,12.0
2018,10,12,R,9.0
2018,9,11,15,8.0
2018,12,16,R,11.0
2018,11,17,14,10.0
2018,2,5,1,1.0
2018,1,1,4,0.0
2018,4,6,R,3.0
2018,3,4,3,2.0
2018,5,3,5,4.0
2018,6,2,2,5.0
2018,8,9,16,7.0
2018,7,8,7,6.0
2018,16,15,13,15.0
2018,15,13,11,14.0
2018,R,14,6,18.0
2018,R,7,9,0.0
2018,9,7,8,8.0
2018,10,13,9,9.0
2018,12,16,11,11.0
2018,11,15,17,10.0
2018,R,12,R,0.0
2018,R,9,15,0.0
2018,R,17,13,15.0
2018,15,19,16,14.0
2018,14,18,14,13.0
2018,13,20,18,12.0
2018,R,4,3,0.0
2018,R,10,R,0.0
2018,3,6,2,2.0
2018,4,5,4,3.0
2018,5,2,5,4.0
2018,6,11,12,5.0
2018,7,8,7,6.0
2018,8,14,10,7.0
2018,2,3,6,1.0
2018,1,1,1,0.0
2019,R,18,6,0.0
2019,R,12,4,0.0
2019,R,6,9,17.0
2019,17,20,,16.0
2019,16,19,,15.0
2019,15,14,R,14.0
2019,14,13,,13.0
2019,13,10,8,12.0
2019,5,5,7,4.0
2019,6,7,10,5.0
2019,2,1,1,1.0
2019,1,2,5,0.0
2019,4,3,2,3.0
2019,3,4,3,2.0
2019,7,11,R,6.0
2019,8,9,R,7.0
2019,9,16,13,8.0
2019,10,15,10,9.0
2019,12,8,,11.0
2019,11,17,R,10.0
2019,R,7,R,0.0
2019,R,8,R,0.0
2019,4,5,3,3.0
2019,3,1,5,2.0
2019,10,14,13,9.0
2019,9,12,14,8.0
2019,8,13,11,7.0
2019,7,9,8,6.0
2019,11,16,15,10.0
2019,12,15,10,11.0
2019,13,6,6,12.0
2019,14,18,9,13.0
2019,R,11,R,0.0
2019,R,17,7,16.0
2019,6,10,12,5.0
2019,5,2,4,4.0
2019,1,3,2,0.0
2019,2,4,1,1.0
2019,16,20,17,15.0
2019,15,19,16,14.0
2019,4,5,4,3.0
2019,3,3,5,2.0
2019,1,2,1,0.0
2019,2,1,2,1.0
2019,18,15,6,17.0
2019,17,18,16,16.0
2019,7,7,R,6.0
2019,8,12,10,7.0
2019,11,10,R,9.0
2019,9,13,7,8.0
2019,R,8,R,0.0
2019,R,11,12,18.0
2019,5,4,3,4.0
2019,6,6,8,5.0
2019,13,9,13,12.0
2019,12,16,14,11.0
2019,16,17,15,14.0
2019,14,14,R,13.0
2019,5,9,5,4.0
2019,6,5,8,5.0
2019,12,8,11,11.0
2019,11,12,9,10.0
2019,8,7,18,7.0
2019,7,10,14,6.0
2019,10,19,9,9.0
2019,9,14,12,8.0
2019,3,3,3,2.0
2019,4,4,4,3.0
2019,R,20,6,16.0
2019,R,15,11,0.0
2019,14,16,R,13.0
2019,13,13,13,12.0
2019,R,6,R,0.0
2019,R,11,7,0.0
2019,2,2,1,1.0
2019,1,1,2,0.0
2019,16,18,17,15.0
2019,15,17,16,14.0
2019,1,2,2,0.0
2019,2,1,1,1.0
2019,8,13,7,7.0
2019,7,8,13,6.0
2019,6,6,R,5.0
2019,5,5,5,4.0
2019,11,12,11,10.0
2019,12,10,R,11.0
2019,14,14,10,13.0
2019,13,16,14,12.0
2019,R,17,9,18.0
2019,R,11,8,0.0
2019,17,19,15,16.0
2019,18,20,16,17.0
2019,16,18,12,15.0
2019,15,15,6,14.0
2019,4,3,3,3.0
2019,3,4,4,2.0
2019,10,7,R,9.0
2019,9,9,R,8.0
2019,2,4,4,1.0
2019,1,1,1,0.0
2019,R,16,5,19.0
2019,19,15,16,18.0
2019,12,17,15,14.0
2019,13,11,13,12.0
2019,15,19,17,13.0
2019,16,18,R,15.0
2019,17,14,14,16.0
2019,18,20,18,17.0
2019,14,6,7,11.0
2019,11,12,R,10.0
2019,3,2,2,2.0
2019,4,3,3,3.0
2019,5,5,6,4.0
2019,6,9,8,5.0
2019,7,8,9,6.0
2019,8,10,11,7.0
2019,9,7,12,8.0
2019,10,13,10,9.0
2019,R,14,8,18.0
2019,R,8,11,0.0
2019,6,4,9,5.0
2019,5,11,4,4.0
2019,3,3,R,2.0
2019,4,6,3,3.0
2019,18,20,18,17.0
2019,17,10,14,16.0
2019,12,16,12,11.0
2019,11,9,6,10.0
2019,10,12,7,9.0
2019,9,18,16,8.0
2019,15,17,17,14.0
2019,16,19,15,15.0
2019,8,5,5,7.0
2019,7,7,13,6.0
2019,13,13,19,12.0
2019,14,15,10,13.0
2019,1,2,1,0.0
2019,2,1,2,1.0
2019,13,18,9,12.0
2019,14,16,10,13.0
2019,16,10,13,15.0
2019,15,11,R,14.0
2019,18,20,18,17.0
2019,17,15,17,16.0
2019,10,9,8,9.0
2019,9,5,R,8.0
2019,5,7,2,4.0
2019,6,6,11,5.0
2019,20,17,14,19.0
2019,19,19,16,18.0
2019,4,4,5,3.0
2019,3,3,3,2.0
2019,2,2,4,1.0
2019,1,1,1,0.0
2019,12,14,12,11.0
2019,11,8,6,10.0
2019,8,13,7,7.0
2019,7,12,15,6.0
2019,5,2,1,4.0
2019,6,6,9,5.0
2019,19,5,17,18.0
2019,20,20,18,19.0
2019,15,13,15,14.0
2019,16,11,20,15.0
2019,17,18,14,16.0
2019,18,19,19,17.0
2019,10,8,16,9.0
2019,9,7,7,8.0
2019,1,3,4,20.0
2019,2,1,3,1.0
2019,14,17,13,13.0
2019,13,12,8,12.0
2019,11,16,12,10.0
2019,12,14,11,11.0
2019,8,15,6,7.0
2019,7,9,10,6.0
2019,4,10,5,3.0
2019,3,4,2,2.0
2019,17,15,11,16.0
2019,R,11,10,17.0
2019,R,16,19,0.0
2019,R,14,16,0.0
2019,3,3,2,2.0
2019,4,5,7,3.0
2019,1,2,5,20.0
2019,2,1,3,1.0
2019,5,4,1,4.0
2019,6,13,8,5.0
2019,12,9,15,11.0
2019,11,8,6,10.0
2019,10,10,13,9.0
2019,9,17,17,8.0
2019,8,12,9,7.0
2019,7,7,12,6.0
2019,13,18,14,12.0
2019,14,19,18,13.0
2019,16,6,4,15.0
2019,15,20,20,14.0
2019,12,5,8,11.0
2019,11,18,14,10.0
2019,R,3,2,14.0
2019,R,9,10,0.0
2019,1,2,5,0.0
2019,2,20,16,1.0
2019,8,12,R,7.0
2019,7,6,R,6.0
2019,6,17,12,5.0
2019,5,7,6,4.0
2019,4,15,13,3.0
2019,3,14,9,2.0
2019,9,1,1,8.0
2019,10,19,15,9.0
2019,R,16,11,0.0
2019,R,10,3,0.0
2019,R,13,7,0.0
2019,R,8,17,0.0
2019,13,11,R,12.0
2019,14,4,4,13.0
2019,10,12,6,9.0
2019,9,7,R,8.0
2019,7,10,12,6.0
2019,8,2,R,7.0
2019,2,1,1,1.0
2019,1,3,9,0.0
2019,4,4,R,3.0
2019,3,5,2,2.0
2019,5,8,5,4.0
2019,6,6,14,5.0
2019,17,19,4,16.0
2019,18,14,13,17.0
2019,19,20,10,18.0
2019,R,9,7,19.0
2019,11,17,R,10.0
2019,12,11,R,11.0
2019,16,16,11,15.0
2019,15,13,3,14.0
2019,14,18,R,13.0
2019,13,15,8,12.0
2019,8,7,12,7.0
2019,7,18,15,6.0
2019,6,9,11,5.0
2019,5,14,10,4.0
2019,R,5,2,0.0
2019,R,17,5,18.0
2019,1,1,4,0.0
2019,2,3,1,1.0
2019,15,19,16,14.0
2019,16,8,7,15.0
2019,3,4,8,2.0
2019,4,2,3,3.0
2019,17,20,19,16.0
2019,18,15,18,17.0
2019,12,10,13,11.0
2019,11,12,9,10.0
2019,14,6,14,13.0
2019,13,11,R,12.0
2019,10,13,17,9.0
2019,9,16,6,8.0
2019,2,3,3,1.0
2019,1,1,1,0.0
2019,R,13,7,0.0
2019,R,7,R,0.0
2019,16,16,13,15.0
2019,15,10,16,14.0
2019,4,5,14,3.0
2019,3,2,2,2.0
2019,R,12,12,17.0
2019,17,19,17,16.0
2019,9,11,18,8.0
2019,10,14,11,9.0
2019,11,15,9,10.0
2019,12,9,10,11.0
2019,14,18,15,13.0
2019,13,4,4,12.0
2019,7,17,6,6.0
2019,8,20,R,7.0
2019,6,8,5,5.0
2019,5,6,8,4.0
2019,R,10,7,0.0
2019,R,18,14,0.0
2019,17,14,R,16.0
2019,R,13,15,17.0
2019,14,20,4,13.0
2019,13,16,12,12.0
2019,11,17,16,10.0
2019,12,7,R,11.0
2019,16,19,17,15.0
2019,15,15,R,14.0
2019,10,11,9,9.0
2019,9,8,5,8.0
2019,3,4,8,2.0
2019,4,2,3,3.0
2019,5,5,2,4.0
2019,6,6,6,5.0
2019,7,9,10,6.0
2019,8,12,11,7.0
2019,2,1,1,1.0
2019,1,3,13,0.0
2019,10,7,9,9.0
2019,9,14,17,8.0
2019,7,12,R,6.0
2019,8,8,7,7.0
2019,12,20,15,11.0
2019,11,15,13,10.0
2019,R,18,16,15.0
2019,15,13,10,14.0
2019,4,4,3,3.0
2019,3,1,2,2.0
2019,6,6,12,5.0
2019,5,19,6,4.0
2019,1,2,4,0.0
2019,2,5,5,1.0
2019,13,16,R,12.0
2019,14,11,8,13.0
2019,R,10,14,0.0
2019,R,9,11,0.0
2019,R,17,R,0.0
2019,R,3,1,0.0
2019,16,18,R,15.0
2019,15,19,9,14.0
2019,17,20,R,16.0
2019,R,5,4,17.0
2019,6,2,3,5.0
2019,5,7,6,4.0
2019,8,17,7,7.0
2019,7,9,14,6.0
2019,3,4,1,2.0
2019,4,6,5,3.0
2019,12,13,13,11.0
2019,11,8,8,10.0
2019,14,11,15,13.0
2019,13,10,R,12.0
2019,9,12,11,8.0
2019,10,14,12,9.0
2019,2,1,R,1.0
2019,1,3,2,0.0
2019,D,15,10,0.0
2019,D,16,R,0.0
2019,8,13,D,7.0
2019,7,11,8,6.0
2019,5,5,4,4.0
2019,6,1,R,5.0
2019,10,12,D,9.0
2019,9,10,7,8.0
2019,13,7,5,12.0
2019,14,15,14,13.0
2019,12,16,9,11.0
2019,11,9,10,10.0
2019,R,8,11,0.0
2019,R,14,12,18.0
2019,3,6,1,2.0
2019,4,2,6,3.0
2019,16,19,16,15.0
2019,15,17,15,14.0
2019,17,18,13,16.0
2019,18,20,17,17.0
2019,2,3,2,1.0
2019,1,4,3,0.0
2019,9,11,10,8.0
2019,10,19,7,9.0
2019,6,9,8,5.0
2019,5,6,5,4.0
2019,2,5,1,1.0
2019,1,1,3,0.0
2019,14,16,14,13.0
2019,13,14,12,12.0
2019,4,4,4,3.0
2019,3,3,6,2.0
2019,R,20,18,18.0
2019,R,2,2,0.0
2019,15,15,17,14.0
2019,16,10,9,15.0
2019,7,8,R,6.0
2019,8,7,13,7.0
2019,18,12,15,17.0
2019,17,18,16,16.0
2019,11,17,R,10.0
2019,12,13,11,11.0
2019,17,2,R,16.0
2019,18,4,4,17.0
2019,2,7,16,1.0
2019,1,1,3,0.0
2019,9,15,10,8.0
2019,10,16,12,9.0
2019,7,3,2,6.0
2019,8,11,7,7.0
2019,11,10,18,10.0
2019,12,18,17,11.0
2019,13,8,15,12.0
2019,14,6,5,13.0
2019,16,19,R,15.0
2019,15,14,9,14.0
2019,3,20,8,2.0
2019,4,9,11,3.0
2019,R,5,1,19.0
2019,19,17,13,18.0
2019,6,12,6,5.0
2019,5,13,14,4.0
2019,19,20,16,18.0
2019,R,13,19,19.0
2019,14,15,11,13.0
2019,13,18,4,12.0
2019,17,19,12,16.0
2019,18,12,2,17.0
2019,16,17,5,15.0
2019,15,16,13,14.0
2019,12,10,15,11.0
2019,11,8,6,10.0
2019,5,5,17,4.0
2019,6,6,14,5.0
2019,3,4,18,2.0
2019,4,2,R,3.0
2019,8,7,8,7.0
2019,7,11,9,6.0
2019,2,3,1,1.0
2019,1,1,7,0.0
2019,10,9,3,9.0
2019,9,14,10,8.0
2020,13,5,6,12.0
2020,R,19,13,13.0
2020,5,8,10,4.0
2020,6,6,7,5.0
2020,8,14,R,7.0
2020,7,12,18,6.0
2020,12,13,9,11.0
2020,11,20,,10.0
2020,10,11,5,9.0
2020,9,18,16,8.0
2020,4,2,1,3.0
2020,3,4,8,2.0
2020,R,16,14,0.0
2020,R,9,R,0.0
2020,R,3,2,0.0
2020,R,10,11,0.0
2020,R,17,17,0.0
2020,R,15,15,0.0
2020,2,7,3,1.0
2020,1,1,4,0.0
2020,8,9,R,7.0
2020,7,13,R,6.0
2020,6,17,6,5.0
2020,5,6,3,4.0
2020,11,16,R,10.0
2020,10,14,12,9.0
2020,9,3,5,8.0
2020,R,10,10,0.0
2020,R,11,2,0.0
2020,R,5,8,17.0
2020,17,18,11,16.0
2020,16,12,R,15.0
2020,4,7,13,3.0
2020,3,2,R,2.0
2020,2,4,1,1.0
2020,1,1,4,0.0
2020,12,15,R,11.0
2020,15,8,7,14.0
2020,14,19,9,13.0
2020,13,20,R,12.0
2020,7,4,6,6.0
2020,6,5,R,5.0
2020,5,13,4,4.0
2020,4,3,7,3.0
2020,14,14,R,13.0
2020,15,20,11,14.0
2020,16,18,13,15.0
2020,17,19,14,16.0
2020,13,8,5,12.0
2020,3,2,2,2.0
2020,1,1,1,0.0
2020,2,7,3,1.0
2020,R,10,15,19.0
2020,18,12,16,17.0
2020,19,15,17,18.0
2020,12,17,10,11.0
2020,8,11,8,7.0
2020,9,9,9,8.0
2020,11,6,R,10.0
2020,10,16,12,9.0
2020,5,5,13,4.0
2020,10,10,6,9.0
2020,11,2,3,10.0
2020,12,15,18,11.0
2020,8,12,5,7.0
2020,6,9,14,5.0
2020,7,11,R,6.0
2020,4,8,8,3.0
2020,2,3,2,1.0
2020,1,1,1,0.0
2020,3,4,11,2.0
2020,R,14,12,17.0
2020,13,7,9,12.0
2020,14,17,17,13.0
2020,15,20,19,14.0
2020,W,13,12,0.0
2020,9,6,4,8.0
2020,16,19,16,15.0
2020,17,18,15,16.0
2020,R,16,10,0.0
2020,19,18,15,18.0
2020,16,14,16,15.0
2020,6,6,9,5.0
2020,11,7,7,10.0
2020,9,10,5,8.0
2020,10,16,R,9.0
2020,15,20,17,14.0
2020,14,5,4,13.0
2020,12,12,10,11.0
2020,13,13,13,12.0
2020,8,11,6,7.0
2020,7,3,W,6.0
2020,2,2,1,1.0
2020,3,1,11,2.0
2020,1,4,2,0.0
2020,5,9,8,4.0
2020,4,8,3,3.0
2020,18,15,12,17.0
2020,17,19,14,16.0
2020,R,17,R,19.0
2020,12,12,10,11.0
2020,13,15,8,12.0
2020,14,14,15,13.0
2020,15,16,R,14.0
2020,11,13,14,10.0
2020,10,8,9,9.0
2020,9,10,11,8.0
2020,8,6,5,7.0
2020,R,9,4,19.0
2020,5,4,7,4.0
2020,6,7,13,5.0
2020,7,11,12,6.0
2020,4,5,6,3.0
2020,1,1,2,0.0
2020,3,2,3,2.0
2020,2,3,1,1.0
2020,16,20,17,15.0
2020,17,18,18,16.0
2020,18,19,19,17.0
2020,19,17,16,18.0
2020,11,11,12,10.0
2020,17,20,15,16.0
2020,R,18,16,17.0
2020,R,15,17,0.0
2020,W,7,6,0.0
2020,10,8,5,9.0
2020,9,9,4,8.0
2020,12,16,14,11.0
2020,8,12,9,7.0
2020,5,6,13,4.0
2020,7,10,10,6.0
2020,4,4,11,3.0
2020,6,5,8,5.0
2020,1,1,1,0.0
2020,3,3,2,2.0
2020,2,2,3,1.0
2020,16,19,18,15.0
2020,13,14,7,12.0
2020,14,13,R,13.0
2020,15,17,19,14.0
2020,4,6,7,3.0
2020,5,2,2,4.0
2020,6,7,4,5.0
2020,7,1,1,6.0
2020,R,15,17,0.0
2020,2,3,W,1.0
2020,1,10,8,0.0
2020,3,8,9,2.0
2020,R,17,13,0.0
2020,R,13,14,0.0
2020,R,5,3,16.0
2020,16,18,R,15.0
2020,15,9,6,14.0
2020,14,19,R,13.0
2020,13,14,12,12.0
2020,12,16,15,11.0
2020,11,20,16,10.0
2020,10,4,10,9.0
2020,9,11,11,8.0
2020,8,12,5,7.0
2020,R,10,8,0.0
2020,R,7,3,12.0
2020,R,19,11,0.0
2020,R,3,R,0.0
2020,1,1,7,0.0
2020,2,2,5,1.0
2020,3,4,15,2.0
2020,4,8,6,3.0
2020,6,11,4,5.0
2020,5,6,10,4.0
2020,7,12,9,6.0
2020,8,5,R,7.0
2020,12,15,12,11.0
2020,9,13,13,8.0
2020,10,14,R,9.0
2020,11,18,14,10.0
2020,R,16,1,0.0
2020,R,9,2,0.0
2020,R,17,16,0.0
2020,R,20,R,0.0
2020,R,13,R,0.0
2020,5,5,4,4.0
2020,6,11,8,5.0
2020,7,7,R,6.0
2020,8,12,7,7.0
2020,11,17,R,10.0
2020,9,9,R,8.0
2020,10,10,3,9.0
2020,12,18,R,11.0
2020,13,15,10,12.0
2020,14,20,9,13.0
2020,15,8,6,14.0
2020,16,19,R,15.0
2020,17,16,12,16.0
2020,18,14,11,17.0
2020,R,6,R,18.0
2020,4,4,5,3.0
2020,1,3,2,0.0
2020,3,1,1,2.0
2020,2,2,R,1.0
2020,6,12,9,5.0
2020,5,10,R,4.0
2020,7,4,6,6.0
2020,4,9,4,3.0
2020,R,17,18,0.0
2020,1,2,3,0.0
2020,3,6,5,2.0
2020,2,3,2,1.0
2020,13,15,12,12.0
2020,14,18,16,13.0
2020,15,13,8,14.0
2020,12,19,14,11.0
2020,R,5,10,0.0
2020,R,7,7,0.0
2020,R,1,1,0.0
2020,R,8,15,15.0
2020,8,20,7,7.0
2020,11,11,13,10.0
2020,10,14,11,9.0
2020,9,16,17,8.0
2020,R,12,R,19.0
2020,12,6,R,11.0
2020,13,8,R,12.0
2020,14,14,R,13.0
2020,15,17,10,14.0
2020,16,19,13,15.0
2020,17,18,9,16.0
2020,18,20,14,17.0
2020,19,13,15,18.0
2020,4,4,7,3.0
2020,6,7,5,5.0
2020,5,9,6,4.0
2020,9,10,3,8.0
2020,3,3,2,2.0
2020,1,1,1,0.0
2020,2,2,R,1.0
2020,11,16,12,10.0
2020,8,11,R,7.0
2020,10,15,11,9.0
2020,7,5,4,6.0
2020,R,4,5,0.0
2020,R,12,8,0.0
2020,R,3,3,0.0
2020,R,17,16,0.0
2020,4,8,19,3.0
2020,5,7,4,4.0
2020,6,11,7,5.0
2020,7,10,6,6.0
2020,2,1,2,1.0
2020,10,20,15,9.0
2020,9,18,11,8.0
2020,R,13,14,15.0
2020,8,9,13,7.0
2020,3,5,9,2.0
2020,1,2,1,0.0
2020,13,15,R,12.0
2020,12,14,10,11.0
2020,15,6,12,14.0
2020,14,16,17,13.0
2020,11,19,18,10.0
2020,17,16,R,16.0
2020,1,6,1,0.0
2020,2,3,6,1.0
2020,3,12,12,2.0
2020,6,2,R,5.0
2020,5,13,7,4.0
2020,7,4,15,6.0
2020,R,20,11,0.0
2020,11,7,R,10.0
2020,10,5,3,9.0
2020,9,1,13,8.0
2020,8,11,8,7.0
2020,4,14,5,3.0
2020,R,10,10,0.0
2020,R,19,14,17.0
2020,16,18,R,15.0
2020,15,8,9,14.0
2020,14,9,2,13.0
2020,13,15,R,12.0
2020,12,17,4,11.0
2020,12,14,16,11.0
2020,10,12,4,9.0
2020,9,7,11,8.0
2020,11,10,12,10.0
2020,8,2,14,7.0
2020,6,8,13,5.0
2020,7,6,10,6.0
2020,4,9,8,3.0
2020,16,16,R,15.0
2020,17,18,17,16.0
2020,18,5,2,17.0
2020,R,13,9,18.0
2020,R,19,R,0.0
2020,13,11,3,12.0
2020,15,17,15,14.0
2020,14,20,R,13.0
2020,5,15,5,4.0
2020,1,1,1,0.0
2020,3,4,7,2.0
2020,2,3,6,1.0
2020,16,18,,15.0
2020,5,7,7,4.0
2020,7,6,11,6.0
2020,6,12,3,5.0
2020,15,16,17,14.0
2020,13,14,16,12.0
2020,12,13,13,11.0
2020,8,1,8,7.0
2020,4,8,5,3.0
2020,R,4,10,0.0
2020,17,20,,16.0
2020,R,17,14,17.0
2020,3,10,R,2.0
2020,9,2,12,8.0
2020,11,9,6,10.0
2020,10,15,4,9.0
2020,14,19,15,13.0
2020,R,3,2,0.0
2020,2,11,9,1.0
2020,1,5,18,0.0
2020,2,2,8,1.0
2020,4,5,6,3.0
2020,10,8,3,9.0
2020,9,11,2,8.0
2020,8,10,11,7.0
2020,15,18,9,14.0
2020,1,1,R,0.0
2020,14,13,12,13.0
2020,19,19,17,18.0
2020,18,17,15,17.0
2020,17,20,R,16.0
2020,16,14,13,15.0
2020,R,15,1,19.0
2020,3,3,1,2.0
2020,7,12,5,6.0
2020,5,4,10,4.0
2020,12,16,14,11.0
2020,11,7,7,10.0
2020,13,9,R,12.0
2020,6,6,4,5.0
2021,6,12,10,5.0
2021,5,9,13,4.0
2021,11,4,17,10.0
2021,12,14,7,11.0
2021,1,1,1,0.0
2021,2,2,2,1.0
2021,3,5,R,2.0
2021,4,11,5,3.0
2021,8,13,6,7.0
2021,7,7,8,6.0
2021,17,15,14,16.0
2021,R,3,3,0.0
2021,16,19,16,15.0
2021,R,17,18,18.0
2021,10,10,15,9.0
2021,13,8,9,12.0
2021,14,16,11,13.0
2021,15,18,12,14.0
2021,18,20,R,17.0
2021,9,6,4,8.0
2021,12,12,14,11.0
2021,11,14,13,10.0
2021,13,16,7,12.0
2021,R,20,17,0.0
2021,10,10,12,9.0
2021,9,13,8,8.0
2021,14,15,4,13.0
2021,7,6,14,6.0
2021,15,18,15,14.0
2021,18,17,16,17.0
2021,6,4,1,5.0
2021,5,11,18,4.0
2021,4,7,15,3.0
2021,17,5,R,16.0
2021,2,1,19,1.0
2021,3,3,6,2.0
2021,8,8,2,7.0
2021,1,2,3,0.0
2021,16,19,11,15.0
2021,R,9,9,18.0
2021,17,19,,16.0
2021,14,17,16,13.0
2021,13,16,12,12.0
2021,15,13,14,14.0
2021,8,10,10,7.0
2021,7,5,8,6.0
2021,6,6,7,5.0
2021,5,11,6,4.0
2021,4,4,13,3.0
2021,11,2,R,10.0
2021,R,12,15,0.0
2021,R,14,17,0.0
2021,16,18,,15.0
2021,12,20,,11.0
2021,2,1,3,1.0
2021,1,3,1,0.0
2021,3,7,5,2.0
2021,R,8,2,17.0
2021,9,9,9,8.0
2021,10,15,11,9.0
2021,7,6,5,6.0
2021,6,8,8,5.0
2021,11,5,7,10.0
2021,8,13,3,7.0
2021,17,19,16,16.0
2021,16,11,17,15.0
2021,10,9,11,9.0
2021,9,16,12,8.0
2021,19,20,18,18.0
2021,13,10,10,12.0
2021,18,18,R,17.0
2021,1,2,1,0.0
2021,R,15,14,19.0
2021,14,17,6,13.0
2021,15,14,13,14.0
2021,12,12,15,11.0
2021,5,7,9,4.0
2021,2,3,2,1.0
2021,3,1,R,2.0
2021,4,4,4,3.0
2021,17,10,8,16.0
2021,8,9,5,7.0
2021,10,12,10,9.0
2021,13,13,13,12.0
2021,3,3,3,2.0
2021,2,2,2,1.0
2021,7,6,11,6.0
2021,4,4,6,3.0
2021,15,14,12,14.0
2021,14,15,16,13.0
2021,16,19,18,15.0
2021,19,20,19,18.0
2021,1,1,1,0.0
2021,12,17,R,11.0
2021,11,11,14,10.0
2021,R,16,15,19.0
2021,18,18,17,17.0
2021,9,5,7,8.0
2021,6,7,9,5.0
2021,5,8,4,4.0
2021,12,12,6,11.0
2021,7,7,1,6.0
2021,6,6,10,5.0
2021,13,17,17,12.0
2021,9,11,9,8.0
2021,10,10,15,9.0
2021,5,8,13,4.0
2021,8,13,11,7.0
2021,11,14,12,10.0
2021,17,19,19,16.0
2021,W,1,4,0.0
2021,16,16,R,15.0
2021,15,18,16,14.0
2021,14,15,14,13.0
2021,3,5,8,1.0
2021,R,3,3,17.0
2021,4,9,5,3.0
2021,1,2,2,2.0
2021,2,4,7,0.0
2021,2,11,5,1.0
2021,5,6,3,4.0
2021,6,9,13,5.0
2021,8,5,2,7.0
2021,7,8,16,6.0
2021,4,1,W,3.0
2021,3,4,6,2.0
2021,R,15,14,16.0
2021,R,12,9,0.0
2021,R,19,8,0.0
2021,R,3,1,0.0
2021,10,14,11,9.0
2021,9,13,12,8.0
2021,1,7,4,0.0
2021,16,16,15,15.0
2021,13,17,18,12.0
2021,12,10,R,11.0
2021,14,18,17,13.0
2021,15,2,7,14.0
2021,11,20,10,10.0
2021,7,7,4,6.0
2021,8,10,R,7.0
2021,9,9,6,8.0
2021,10,8,7,9.0
2021,11,18,10,10.0
2021,12,14,2,11.0
2021,2,3,15,1.0
2021,1,1,R,0.0
2021,3,2,12,2.0
2021,4,5,1,3.0
2021,5,4,5,4.0
2021,6,12,8,5.0
2021,15,15,11,14.0
2021,16,19,13,15.0
2021,13,13,9,12.0
2021,14,17,R,13.0
2021,R,11,R,18.0
2021,R,6,3,0.0
2021,18,20,14,17.0
2021,17,16,16,16.0
2021,13,20,10,12.0
2021,14,11,14,13.0
2021,2,2,2,1.0
2021,1,1,1,0.0
2021,19,15,16,18.0
2021,20,18,18,19.0
2021,5,8,5,4.0
2021,6,10,13,5.0
2021,4,3,3,3.0
2021,3,4,4,2.0
2021,8,9,9,7.0
2021,7,6,R,6.0
2021,17,17,11,16.0
2021,18,16,17,17.0
2021,16,7,7,15.0
2021,15,13,15,14.0
2021,11,5,6,10.0
2021,12,14,R,11.0
2021,9,12,12,8.0
2021,10,19,8,9.0
2021,18,19,19,17.0
2021,17,8,9,16.0
2021,2,5,4,1.0
2021,1,1,1,20.0
2021,3,2,5,2.0
2021,4,4,2,3.0
2021,16,18,18,15.0
2021,15,16,17,14.0
2021,R,17,14,19.0
2021,19,20,20,18.0
2021,10,14,8,9.0
2021,9,6,7,8.0
2021,7,13,6,6.0
2021,8,12,16,7.0
2021,14,15,15,13.0
2021,13,10,10,12.0
2021,11,9,12,10.0
2021,12,7,13,11.0
2021,5,11,11,4.0
2021,6,3,3,5.0
2021,13,14,14,12.0
2021,14,18,16,13.0
2021,11,12,9,10.0
2021,12,8,11,11.0
2021,9,13,R,8.0
2021,10,16,12,9.0
2021,8,15,13,7.0
2021,7,11,10,6.0
2021,5,7,7,4.0
2021,6,9,5,5.0
2021,17,20,19,16.0
2021,18,19,18,17.0
2021,R,10,17,18.0
2021,R,2,1,0.0
2021,16,5,6,15.0
2021,15,17,15,14.0
2021,3,3,2,2.0
2021,4,6,3,3.0
2021,1,1,4,0.0
2021,2,4,8,1.0
2021,D,10,R,0.0
2021,R,12,8,0.0
2021,R,7,2,0.0
2021,R,4,16,0.0
2021,1,8,9,0.0
2021,2,1,1,1.0
2021,4,9,7,3.0
2021,3,15,6,2.0
2021,5,5,11,4.0
2021,6,16,10,5.0
2021,12,20,18,11.0
2021,11,11,5,10.0
2021,10,13,15,9.0
2021,9,3,R,8.0
2021,8,17,12,7.0
2021,7,18,14,6.0
2021,R,6,4,0.0
2021,R,2,3,0.0
2021,13,14,13,12.0
2021,R,19,17,13.0
2021,6,6,5,5.0
2021,5,5,D,4.0
2021,20,15,R,19.0
2021,19,7,R,18.0
2021,7,9,1,6.0
2021,8,11,R,7.0
2021,1,1,9,0.0
2021,2,2,8,1.0
2021,4,4,11,3.0
2021,3,3,2,2.0
2021,9,12,7,8.0
2021,10,13,3,9.0
2021,15,17,6,14.0
2021,16,18,12,15.0
2021,14,10,R,13.0
2021,13,16,13,12.0
2021,11,14,4,10.0
2021,12,8,R,11.0
2021,18,19,10,17.0
2021,17,20,R,16.0
2021,15,18,19,14.0
2021,16,14,9,15.0
2021,4,4,6,3.0
2021,3,3,12,2.0
2021,17,11,2,16.0
2021,18,19,16,17.0
2021,2,2,3,1.0
2021,1,1,1,20.0
2021,12,12,20,11.0
2021,9,8,7,8.0
2021,11,10,4,10.0
2021,10,13,14,9.0
2021,14,7,13,13.0
2021,13,17,5,12.0
2021,7,6,10,6.0
2021,8,16,19,7.0
2021,5,5,8,4.0
2021,6,9,11,5.0
2021,R,20,17,0.0
2021,R,15,15,18.0
2021,6,7,7,5.0
2021,7,12,12,6.0
2021,8,13,6,7.0
2021,9,15,17,8.0
2021,14,19,15,13.0
2021,15,18,18,14.0
2021,10,14,9,9.0
2021,11,16,16,10.0
2021,12,11,13,11.0
2021,13,10,14,12.0
2021,R,20,R,15.0
2021,2,4,10,1.0
2021,1,5,11,0.0
2021,3,1,3,2.0
2021,4,8,5,3.0
2021,5,9,8,4.0
2021,R,2,2,0.0
2021,R,3,1,0.0
2021,R,6,4,0.0
2021,W,17,R,0.0
2021,1,4,R,0.0
2021,14,10,10,13.0
2021,15,15,4,14.0
2021,17,13,W,16.0
2021,13,12,R,12.0
2021,16,18,13,15.0
2021,2,20,R,1.0
2021,3,2,6,2.0
2021,10,3,9,9.0
2021,11,8,7,10.0
2021,9,9,5,8.0
2021,8,16,18,7.0
2021,7,1,2,6.0
2021,6,6,8,5.0
2021,5,7,3,4.0
2021,4,5,1,3.0
2021,12,11,12,11.0
2021,18,19,R,17.0
2021,19,14,11,18.0
2021,R,17,15,19.0
2021,20,20,18,19.0
2021,19,14,R,18.0
2021,3,7,9,2.0
2021,1,2,5,0.0
2021,8,15,3,7.0
2021,14,10,17,13.0
2021,15,13,10,14.0
2021,2,3,2,1.0
2021,5,1,1,4.0
2021,6,5,13,5.0
2021,7,8,7,6.0
2021,4,4,15,3.0
2021,9,9,11,8.0
2021,13,16,4,12.0
2021,18,11,12,17.0
2021,17,17,19,16.0
2021,16,6,6,15.0
2021,10,12,14,9.0
2021,11,18,16,10.0
2021,12,19,8,11.0
2021,16,19,19,15.0
2021,15,17,17,14.0
2021,7,6,8,6.0
2021,9,10,14,8.0
2021,5,7,13,4.0
2021,8,8,7,7.0
2021,2,2,5,1.0
2021,3,3,3,2.0
2021,17,20,20,16.0
2021,6,4,1,5.0
2021,14,15,15,13.0
2021,13,18,12,12.0
2021,12,16,9,11.0
2021,R,9,6,0.0
2021,R,14,16,17.0
2021,R,11,10,0.0
2021,1,1,2,20.0
2021,4,5,4,3.0
2021,11,13,11,10.0
2021,10,12,18,9.0
2021,12,7,5,11.0
2021,11,14,11,10.0
2021,7,11,10,6.0
2021,6,6,7,5.0
2021,17,17,15,16.0
2021,R,9,9,0.0
2021,10,10,8,9.0
2021,9,16,R,8.0
2021,8,12,13,7.0
2021,16,13,14,15.0
2021,14,20,12,13.0
2021,15,1,6,14.0
2021,13,15,R,12.0
2021,R,18,16,18.0
2021,18,19,17,17.0
2021,5,8,4,4.0
2021,1,3,1,0.0
2021,2,2,2,1.0
2021,3,4,3,2.0
2021,4,5,R,3.0
2021,1,1,2,0.0
2021,14,15,11,13.0
2021,6,6,6,5.0
2021,7,5,4,6.0
2021,4,4,3,3.0
2021,3,3,15,2.0
2021,2,2,1,1.0
2021,5,7,5,4.0
2021,8,11,13,7.0
2021,18,19,R,17.0
2021,R,9,12,18.0
2021,R,16,14,0.0
2021,9,10,9,8.0
2021,12,14,8,11.0
2021,10,8,10,9.0
2021,11,12,7,10.0
2021,13,18,16,12.0
2021,16,17,17,15.0
2021,15,13,R,14.0
2021,17,20,18,16.0
2021,R,19,18,0.0
2021,R,14,13,0.0
2021,11,18,R,10.0
2021,12,16,16,11.0
2021,9,10,14,8.0
2021,13,13,9,12.0
2021,15,12,12,14.0
2021,1,1,1,0.0
2021,4,9,8,3.0
2021,8,15,6,7.0
2021,6,6,7,5.0
2021,7,4,5,6.0
2021,5,11,R,4.0
2021,14,8,15,13.0
2021,R,20,17,0.0
2021,R,5,4,0.0
2021,R,17,11,15.0
2021,10,7,10,9.0
2021,2,3,2,1.0
2021,3,2,3,2.0
2021,R,16,12,15.0
2021,15,4,R,14.0
2021,11,15,R,10.0
2021,10,7,7,9.0
2021,1,1,2,0.0
2021,4,8,14,3.0
2021,2,2,1,1.0
2021,3,5,8,2.0
2021,9,9,4,8.0
2021,5,12,6,4.0
2021,6,6,3,5.0
2021,12,10,5,11.0
2021,13,13,11,12.0
2021,14,19,R,13.0
2021,8,11,13,7.0
2021,R,14,9,0.0
2021,R,18,15,0.0
2021,R,17,R,0.0
2021,W,20,R,0.0
2021,7,3,10,6.0
2022,2,3,5,1.0
2022,1,1,4,0.0
2022,3,5,2,2.0
2022,7,11,9,6.0
2022,4,9,R,3.0
2022,5,7,18,4.0
2022,6,6,R,5.0
2022,18,4,11,17.0
2022,R,10,7,19.0
2022,9,8,10,8.0
2022,19,2,1,18.0
2022,14,18,6,13.0
2022,13,14,4,12.0
2022,12,19,8,11.0
2022,11,12,16,10.0
2022,10,15,,9.0
2022,17,17,8,16.0
2022,16,20,R,15.0
2022,15,13,3,14.0
2022,8,16,12,7.0
2022,12,18,17,11.0
2022,11,13,10,10.0
2022,10,16,2,9.0
2022,9,10,5,8.0
2022,8,9,5,7.0
2022,7,11,7,6.0
2022,6,5,9,5.0
2022,R,19,R,0.0
2022,13,15,13,12.0
2022,14,17,13,13.0
2022,R,8,6,14.0
2022,R,12,12,0.0
2022,1,4,1,0.0
2022,R,20,4,0.0
2022,W,14,14,0.0
2022,R,7,8,0.0
2022,5,6,R,4.0
2022,4,1,15,3.0
2022,3,3,3,2.0
2022,2,2,10,1.0
2022,12,20,13,11.0
2022,R,2,1,17.0
2022,R,18,11,0.0
2022,R,9,3,0.0
2022,10,16,14,9.0
2022,9,11,8,8.0
2022,11,14,11,10.0
2022,1,1,2,0.0
2022,17,10,R,16.0
2022,16,19,R,15.0
2022,14,17,9,13.0
2022,15,13,R,14.0
2022,13,15,W,12.0
2022,8,12,R,7.0
2022,6,7,R,5.0
2022,7,8,6,6.0
2022,5,4,7,4.0
2022,4,5,10,3.0
2022,3,6,5,2.0
2022,2,3,4,1.0
2022,16,18,16,15.0
2022,6,2,1,5.0
2022,14,19,7,13.0
2022,8,9,R,7.0
2022,5,8,8,4.0
2022,17,12,13,16.0
2022,18,6,6,17.0
2022,15,14,11,14.0
2022,7,16,15,6.0
2022,R,5,17,18.0
2022,4,11,3,3.0
2022,R,10,R,0.0
2022,11,20,10,10.0
2022,10,15,12,9.0
2022,9,4,14,8.0
2022,12,17,9,11.0
2022,13,13,4,12.0
2022,3,3,5,2.0
2022,2,7,2,1.0
2022,1,1,R,0.0
2022,1,3,1,0.0
2022,11,11,R,10.0
2022,13,14,18,12.0
2022,10,10,10,9.0
2022,14,19,16,13.0
2022,15,15,17,14.0
2022,16,16,9,15.0
2022,12,9,7,11.0
2022,8,20,14,7.0
2022,9,18,11,8.0
2022,6,6,13,5.0
2022,7,5,5,6.0
2022,5,12,4,4.0
2022,2,1,6,1.0
2022,3,2,R,2.0
2022,4,4,2,3.0
2022,R,17,15,0.0
2022,17,13,8,16.0
2022,R,7,12,17.0
2022,R,8,3,0.0
2022,7,12,8,6.0
2022,10,13,12,9.0
2022,9,17,11,8.0
2022,6,7,7,5.0
2022,4,3,3,3.0
2022,1,2,1,0.0
2022,2,5,4,1.0
2022,3,4,5,2.0
2022,R,1,2,0.0
2022,17,8,16,16.0
2022,18,19,9,17.0
2022,5,6,6,4.0
2022,R,15,R,18.0
2022,13,14,R,12.0
2022,14,10,15,13.0
2022,15,18,10,14.0
2022,16,20,14,15.0
2022,11,16,17,10.0
2022,12,9,13,11.0
2022,8,11,R,7.0
2022,1,3,2,0.0
2022,10,9,11,9.0
2022,9,12,6,8.0
2022,12,10,7,11.0
2022,11,17,13,10.0
2022,R,15,14,0.0
2022,R,13,17,0.0
2022,R,16,18,17.0
2022,15,19,16,14.0
2022,3,4,1,2.0
2022,5,6,3,4.0
2022,2,2,4,1.0
2022,6,5,8,5.0
2022,7,7,9,6.0
2022,8,8,5,7.0
2022,4,1,R,3.0
2022,17,11,10,16.0
2022,14,18,15,13.0
2022,13,14,12,12.0
2022,16,20,R,15.0
2022,15,18,15,14.0
2022,R,1,4,0.0
2022,R,4,2,0.0
2022,2,2,1,1.0
2022,5,6,11,4.0
2022,14,20,R,13.0
2022,R,16,R,16.0
2022,16,19,14,15.0
2022,R,14,16,0.0
2022,6,9,10,5.0
2022,7,10,7,6.0
2022,8,12,13,7.0
2022,9,11,6,8.0
2022,11,15,9,10.0
2022,12,17,R,11.0
2022,13,8,17,12.0
2022,10,13,12,9.0
2022,3,5,5,2.0
2022,1,3,3,0.0
2022,4,7,8,3.0
2022,11,9,8,10.0
2022,10,18,16,9.0
2022,13,12,12,12.0
2022,12,17,6,11.0
2022,14,16,5,13.0
2022,15,14,9,14.0
2022,16,19,15,15.0
2022,4,8,3,3.0
2022,8,10,R,7.0
2022,7,11,11,6.0
2022,6,7,10,5.0
2022,5,15,R,4.0
2022,3,4,4,2.0
2022,2,3,R,1.0
2022,1,1,1,0.0
2022,9,2,7,8.0
2022,17,5,R,16.0
2022,R,13,2,0.0
2022,R,6,14,0.0
2022,R,20,13,17.0
2022,R,15,6,14.0
2022,14,13,R,13.0
2022,R,11,14,0.0
2022,13,14,11,12.0
2022,2,4,R,1.0
2022,3,5,3,2.0
2022,4,3,5,3.0
2022,5,7,9,4.0
2022,1,1,2,0.0
2022,R,8,4,0.0
2022,R,9,8,0.0
2022,R,16,13,0.0
2022,R,12,7,0.0
2022,10,17,17,9.0
2022,12,10,16,11.0
2022,7,2,1,6.0
2022,11,20,10,10.0
2022,9,18,12,8.0
2022,8,19,R,7.0
2022,6,6,15,5.0
2022,9,16,13,8.0
2022,4,4,R,3.0
2022,13,17,11,12.0
2022,14,18,R,13.0
2022,17,20,9,16.0
2022,12,11,R,11.0
2022,11,12,R,10.0
2022,10,8,5,9.0
2022,R,13,2,0.0
2022,2,1,7,1.0
2022,R,19,12,0.0
2022,R,3,1,17.0
2022,8,6,10,7.0
2022,16,14,14,15.0
2022,15,10,R,14.0
2022,1,2,4,0.0
2022,3,9,3,2.0
2022,6,7,8,5.0
2022,5,5,R,4.0
2022,7,15,6,6.0
2022,14,13,11,13.0
2022,15,19,6,14.0
2022,16,18,14,15.0
2022,R,20,R,16.0
2022,R,10,8,0.0
2022,R,1,1,0.0
2022,R,8,16,0.0
2022,13,15,12,12.0
2022,10,17,13,9.0
2022,11,14,17,10.0
2022,9,11,9,8.0
2022,8,12,5,7.0
2022,5,9,R,4.0
2022,6,7,10,5.0
2022,12,16,15,11.0
2022,1,2,2,0.0
2022,2,4,3,1.0
2022,3,6,4,2.0
2022,7,5,7,6.0
2022,4,3,R,3.0
2022,10,18,11,9.0
2022,11,14,10,10.0
2022,3,1,3,2.0
2022,12,19,12,11.0
2022,17,17,13,16.0
2022,7,4,7,6.0
2022,8,6,6,7.0
2022,5,11,4,4.0
2022,6,3,R,5.0
2022,9,5,8,8.0
2022,18,20,R,17.0
2022,2,7,2,1.0
2022,1,10,1,0.0
2022,19,16,R,18.0
2022,20,8,14,19.0
2022,13,12,16,12.0
2022,14,15,15,13.0
2022,4,2,5,3.0
2022,15,9,9,14.0
2022,16,13,R,15.0
2022,13,19,19,12.0
2022,14,13,13,13.0
2022,18,17,18,17.0
2022,1,1,1,20.0
2022,2,3,5,1.0
2022,3,2,4,2.0
2022,4,8,3,3.0
2022,12,10,7,11.0
2022,6,4,6,5.0
2022,7,5,9,6.0
2022,8,16,10,7.0
2022,9,12,12,8.0
2022,10,9,17,9.0
2022,11,14,11,10.0
2022,16,18,16,15.0
2022,15,11,15,14.0
2022,R,7,2,0.0
2022,R,20,20,18.0
2022,5,6,8,4.0
2022,17,15,14,16.0
2022,R,9,13,0.0
2022,R,16,R,18.0
2022,18,20,18,17.0
2022,1,1,1,0.0
2022,5,5,2,4.0
2022,12,15,10,11.0
2022,11,11,9,10.0
2022,4,4,R,3.0
2022,6,13,5,5.0
2022,7,7,12,6.0
2022,8,3,3,7.0
2022,3,2,6,2.0
2022,9,12,7,8.0
2022,10,10,11,9.0
2022,14,19,8,13.0
2022,13,8,17,12.0
2022,16,14,14,15.0
2022,15,18,16,14.0
2022,17,17,15,16.0
2022,2,6,4,1.0
2022,14,15,R,13.0
2022,15,16,18,14.0
2022,3,6,2,2.0
2022,2,1,3,1.0
2022,1,2,1,0.0
2022,4,3,8,3.0
2022,R,10,6,0.0
2022,R,17,14,0.0
2022,11,11,9,10.0
2022,10,14,16,9.0
2022,9,13,,8.0
2022,R,18,10,0.0
2022,R,8,17,16.0
2022,16,19,15,15.0
2022,12,20,13,11.0
2022,5,5,4,4.0
2022,6,4,5,5.0
2022,7,7,7,6.0
2022,8,9,11,7.0
2022,13,12,R,12.0
2022,14,11,3,13.0
2022,R,10,14,14.0
2022,R,18,11,0.0
2022,13,13,12,12.0
2022,10,7,8,9.0
2022,11,16,13,10.0
2022,12,9,16,11.0
2022,6,12,R,5.0
2022,9,3,5,8.0
2022,1,2,6,0.0
2022,3,4,4,2.0
2022,2,1,2,1.0
2022,4,6,7,3.0
2022,5,17,R,4.0
2022,8,14,R,7.0
2022,7,8,1,6.0
2022,R,19,12,0.0
2022,R,5,R,0.0
2022,R,20,15,0.0
2022,R,15,10,0.0
2022,4,5,R,3.0
2022,3,2,2,2.0
2022,2,4,1,1.0
2022,1,1,7,0.0
2022,16,14,R,15.0
2022,13,13,R,12.0
2022,15,12,11,14.0
2022,5,6,9,4.0
2022,14,18,12,13.0
2022,18,17,10,17.0
2022,R,3,3,18.0
2022,R,16,R,0.0
2022,17,15,13,16.0
2022,8,8,14,7.0
2022,6,9,8,5.0
2022,11,11,5,10.0
2022,7,7,R,6.0
2022,9,20,R,8.0
2022,10,10,4,9.0
2022,12,19,6,11.0
2022,2,5,5,1.0
2022,R,10,15,0.0
2022,11,18,4,10.0
2022,13,11,R,12.0
2022,16,17,11,15.0
2022,12,14,16,11.0
2022,9,16,14,8.0
2022,R,1,R,0.0
2022,10,15,13,9.0
2022,3,2,3,2.0
2022,5,6,8,4.0
2022,4,4,2,3.0
2022,17,20,9,16.0
2022,15,19,17,14.0
2022,14,13,18,13.0
2022,1,3,1,0.0
2022,7,9,7,6.0
2022,8,12,6,7.0
2022,R,7,12,17.0
2022,6,8,10,5.0
2022,3,4,4,2.0
2022,4,2,5,3.0
2022,2,3,2,1.0
2022,5,5,R,4.0
2022,8,10,11,7.0
2022,6,7,3,5.0
2022,7,11,16,6.0
2022,1,1,1,0.0
2022,12,19,13,11.0
2022,11,14,14,10.0
2022,19,9,7,18.0
2022,R,13,10,19.0
2022,18,20,17,17.0
2022,13,12,12,12.0
2022,10,6,R,9.0
2022,9,8,6,8.0
2022,17,15,9,16.0
2022,14,17,8,13.0
2022,15,18,R,14.0
2022,16,16,15,15.0
2022,16,16,18,15.0
2022,13,20,16,12.0
2022,11,13,14,10.0
2022,10,15,15,9.0
2022,R,1,17,0.0
2022,R,4,9,17.0
2022,R,14,7,0.0
2022,5,7,19,4.0
2022,9,18,10,8.0
2022,7,9,3,6.0
2022,4,10,6,3.0
2022,17,19,R,16.0
2022,2,8,2,1.0
2022,6,2,1,5.0
2022,3,5,5,2.0
2022,1,3,4,0.0
2022,8,6,8,7.0
2022,14,12,11,13.0
2022,15,11,12,14.0
2022,12,17,13,11.0
2022,9,10,R,8.0
2022,6,7,R,5.0
2022,14,17,14,13.0
2022,12,15,12,11.0
2022,1,1,6,0.0
2022,2,3,4,1.0
2022,3,2,7,2.0
2022,R,11,5,19.0
2022,4,4,3,3.0
2022,13,19,15,12.0
2022,7,8,8,6.0
2022,15,18,9,14.0
2022,11,12,17,10.0
2022,10,9,11,9.0
2022,16,13,13,15.0
2022,8,14,10,7.0
2022,17,16,R,16.0
2022,18,5,2,17.0
2022,19,20,16,18.0
2022,5,6,1,4.0
2023,14,19,9,13.0
2023,13,17,17,12.0
2023,15,10,12,14.0
2023,16,13,12,15.0
2023,8,12,15,7.0
2023,7,6,5,6.0
2023,17,11,6,16.0
2023,9,20,14,8.0
2023,1,1,1,0.0
2023,12,16,,11.0
2023,10,15,13,9.0
2023,11,14,11,10.0
2023,R,18,,0.0
2023,R,3,2,0.0
2023,R,9,7,17.0
2023,6,8,8,5.0
2023,4,4,4,3.0
2023,3,5,R,2.0
2023,2,2,3,1.0
2023,5,7,18,4.0
2023,4,4,7,3.0
2023,14,18,14,13.0
2023,15,9,R,14.0
2023,13,12,16,12.0
2023,9,10,9,8.0
2023,3,3,3,2.0
2023,2,15,1,1.0
2023,1,1,2,0.0
2023,12,11,15,11.0
2023,11,16,11,10.0
2023,10,13,13,9.0
2023,17,19,17,16.0
2023,16,20,12,15.0
2023,5,8,5,4.0
2023,7,2,R,6.0
2023,6,5,4,5.0
2023,8,7,R,7.0
2023,R,6,6,0.0
2023,18,14,8,17.0
2023,R,17,10,18.0
2023,3,4,3,2.0
2023,4,6,R,3.0
2023,2,3,5,1.0
2023,R,2,4,17.0
2023,1,1,2,0.0
2023,5,20,1,4.0
2023,17,14,10,16.0
2023,R,8,R,0.0
2023,8,16,15,7.0
2023,R,7,7,0.0
2023,6,13,17,5.0
2023,7,10,12,6.0
2023,9,17,13,8.0
2023,16,18,16,15.0
2023,14,11,8,13.0
2023,15,15,14,14.0
2023,12,5,6,11.0
2023,11,19,18,10.0
2023,10,12,11,9.0
2023,13,9,9,12.0
2023,11,10,8,10.0
2023,3,1,R,2.0
2023,2,2,1,1.0
2023,1,3,5,0.0
2023,13,18,17,12.0
2023,14,19,13,13.0
2023,6,5,2,5.0
2023,18,14,11,17.0
2023,16,15,16,15.0
2023,15,12,14,14.0
2023,17,17,7,16.0
2023,4,6,3,3.0
2023,7,9,4,6.0
2023,8,11,R,7.0
2023,9,7,6,8.0
2023,10,8,10,9.0
2023,R,20,15,0.0
2023,R,16,9,18.0
2023,5,4,12,4.0
2023,12,13,R,11.0
2023,20,20,16,19.0
2023,17,16,9,16.0
2023,18,15,R,17.0
2023,19,19,11,18.0
2023,11,17,10,10.0
2023,10,4,13,9.0
2023,9,8,15,8.0
2023,12,18,7,11.0
2023,16,14,R,15.0
2023,13,10,18,12.0
2023,14,11,12,13.0
2023,15,12,17,14.0
2023,2,1,1,1.0
2023,7,7,3,6.0
2023,6,13,6,5.0
2023,1,9,2,0.0
2023,8,5,14,7.0
2023,3,2,4,2.0
2023,5,3,5,4.0
2023,4,6,8,3.0
2023,R,14,12,0.0
2023,18,16,20,17.0
2023,17,18,15,16.0
2023,16,20,2,15.0
2023,15,9,11,14.0
2023,2,2,3,1.0
2023,1,1,1,20.0
2023,3,4,9,2.0
2023,R,17,10,18.0
2023,10,11,19,9.0
2023,9,10,17,8.0
2023,8,5,5,7.0
2023,7,7,8,6.0
2023,14,13,14,13.0
2023,13,19,16,12.0
2023,12,12,18,11.0
2023,11,15,13,10.0
2023,6,3,7,5.0
2023,5,8,4,4.0
2023,4,6,6,3.0
2023,11,19,6,10.0
2023,15,8,17,14.0
2023,13,10,10,12.0
2023,14,14,12,13.0
2023,19,16,11,18.0
2023,18,17,R,17.0
2023,17,3,9,16.0
2023,16,18,14,15.0
2023,20,20,18,19.0
2023,10,4,7,9.0
2023,9,13,13,8.0
2023,12,15,15,11.0
2023,8,7,3,7.0
2023,7,9,2,6.0
2023,5,2,8,4.0
2023,6,6,R,5.0
2023,4,11,16,3.0
2023,3,12,5,2.0
2023,2,5,4,1.0
2023,1,1,1,0.0
2023,R,19,20,0.0
2023,13,7,17,12.0
2023,14,16,12,13.0
2023,15,2,15,14.0
2023,16,20,9,15.0
2023,11,9,13,10.0
2023,9,13,6,8.0
2023,10,15,19,9.0
2023,4,11,11,3.0
2023,5,8,5,4.0
2023,6,12,4,5.0
2023,7,10,16,6.0
2023,8,6,8,7.0
2023,1,1,1,20.0
2023,3,4,2,2.0
2023,2,3,7,1.0
2023,12,17,10,11.0
2023,17,14,18,16.0
2023,18,18,14,17.0
2023,R,5,3,18.0
2023,16,13,11,15.0
2023,17,20,18,16.0
2023,18,19,17,17.0
2023,19,16,14,18.0
2023,R,8,15,19.0
2023,1,1,1,0.0
2023,3,15,6,2.0
2023,2,2,4,1.0
2023,6,3,5,5.0
2023,5,7,2,4.0
2023,7,11,R,6.0
2023,4,4,13,3.0
2023,11,10,7,10.0
2023,10,9,12,9.0
2023,9,6,9,8.0
2023,12,17,16,11.0
2023,8,5,3,7.0
2023,13,18,R,12.0
2023,14,12,8,13.0
2023,15,14,10,14.0
2023,R,20,18,18.0
2023,18,10,10,17.0
2023,17,19,17,16.0
2023,16,17,19,15.0
2023,15,18,12,14.0
2023,2,2,4,1.0
2023,1,1,1,0.0
2023,3,7,8,2.0
2023,4,3,16,3.0
2023,5,6,7,4.0
2023,6,16,3,5.0
2023,7,9,5,6.0
2023,8,8,11,7.0
2023,9,4,2,8.0
2023,10,5,6,9.0
2023,11,14,13,10.0
2023,12,15,15,11.0
2023,13,11,R,12.0
2023,14,12,9,13.0
2023,R,13,14,0.0
2023,14,10,13,13.0
2023,13,13,9,12.0
2023,15,17,16,14.0
2023,11,16,8,10.0
2023,1,2,1,0.0
2023,2,3,2,1.0
2023,3,9,6,2.0
2023,4,1,3,3.0
2023,6,18,5,5.0
2023,5,4,4,4.0
2023,7,6,9,6.0
2023,8,11,10,7.0
2023,12,7,12,11.0
2023,9,8,7,8.0
2023,10,14,14,9.0
2023,R,12,R,0.0
2023,R,15,18,0.0
2023,R,20,11,17.0
2023,17,19,R,16.0
2023,16,5,15,15.0
2023,2,3,3,1.0
2023,3,2,7,2.0
2023,1,1,1,0.0
2023,16,19,13,15.0
2023,15,13,17,14.0
2023,14,16,11,13.0
2023,13,17,16,12.0
2023,12,14,12,11.0
2023,R,5,8,18.0
2023,18,20,14,17.0
2023,17,18,R,16.0
2023,R,6,5,0.0
2023,8,15,R,7.0
2023,11,12,R,10.0
2023,9,10,10,8.0
2023,10,11,15,9.0
2023,4,4,4,3.0
2023,5,9,9,4.0
2023,6,8,6,5.0
2023,7,7,2,6.0
2023,12,15,18,11.0
2023,11,11,9,10.0
2023,10,17,8,9.0
2023,9,8,R,8.0
2023,4,7,2,3.0
2023,7,2,7,6.0
2023,5,6,R,4.0
2023,8,4,14,7.0
2023,2,5,5,1.0
2023,3,12,11,2.0
2023,1,1,1,0.0
2023,6,13,4,5.0
2023,13,20,,12.0
2023,14,19,12,13.0
2023,15,14,10,14.0
2023,R,10,17,0.0
2023,16,18,15,15.0
2023,R,9,3,0.0
2023,R,16,13,17.0
2023,17,3,6,16.0
2023,5,4,17,4.0
2023,6,8,6,5.0
2023,4,3,R,3.0
2023,11,12,13,10.0
2023,10,14,14,9.0
2023,9,10,2,8.0
2023,8,9,7,7.0
2023,7,6,8,6.0
2023,13,15,R,12.0
2023,12,7,9,11.0
2023,14,16,R,13.0
2023,R,18,10,18.0
2023,18,19,16,17.0
2023,17,13,12,16.0
2023,16,20,11,15.0
2023,15,17,3,14.0
2023,R,11,15,0.0
2023,2,5,4,1.0
2023,1,2,1,0.0
2023,3,1,5,2.0
2023,7,17,12,6.0
2023,3,5,6,2.0
2023,5,11,1,4.0
2023,6,12,15,5.0
2023,9,10,11,8.0
2023,8,13,2,7.0
2023,10,6,18,9.0
2023,15,7,9,14.0
2023,14,18,13,13.0
2023,4,3,4,3.0
2023,1,1,3,0.0
2023,2,4,8,1.0
2023,R,15,R,0.0
2023,W,20,16,0.0
2023,R,16,10,16.0
2023,R,8,R,0.0
2023,16,2,5,15.0
2023,13,9,17,12.0
2023,12,19,14,11.0
2023,11,14,7,10.0
2023,7,8,16,6.0
2023,8,10,15,7.0
2023,1,1,5,0.0
2023,2,3,2,1.0
2023,3,2,7,2.0
2023,11,11,9,10.0
2023,9,14,R,8.0
2023,10,12,6,9.0
2023,15,15,10,14.0
2023,R,13,11,15.0
2023,R,20,14,0.0
2023,R,17,W,0.0
2023,R,5,8,0.0
2023,12,9,R,11.0
2023,13,19,12,12.0
2023,14,18,13,13.0
2023,R,16,R,0.0
2023,4,4,4,3.0
2023,5,7,3,4.0
2023,6,6,1,5.0
2023,6,4,8,5.0
2023,1,1,1,0.0
2023,2,6,3,1.0
2023,7,8,9,6.0
2023,R,3,5,0.0
2023,W,12,6,0.0
2023,13,14,R,12.0
2023,14,19,15,13.0
2023,15,11,12,14.0
2023,8,9,R,7.0
2023,9,20,13,8.0
2023,10,13,R,9.0
2023,11,17,R,10.0
2023,12,7,10,11.0
2023,17,18,11,16.0
2023,R,16,R,17.0
2023,16,15,14,15.0
2023,5,5,4,4.0
2023,4,2,7,3.0
2023,3,10,2,2.0
2023,15,15,16,14.0
2023,R,17,6,15.0
2023,1,6,1,0.0
2023,2,2,3,1.0
2023,3,4,W,2.0
2023,4,9,10,3.0
2023,5,5,4,4.0
2023,6,7,12,5.0
2023,7,19,11,6.0
2023,8,11,15,7.0
2023,9,18,13,8.0
2023,10,20,R,9.0
2023,11,16,16,10.0
2023,D,3,R,0.0
2023,R,10,2,0.0
2023,R,8,7,0.0
2023,D,1,5,0.0
2023,12,13,8,11.0
2023,13,12,9,12.0
2023,14,14,14,13.0
2023,15,9,12,14.0
2023,11,11,6,10.0
2023,13,12,11,12.0
2023,14,10,13,13.0
2023,3,1,D,2.0
2023,4,2,3,3.0
2023,5,19,2,4.0
2023,6,8,5,5.0
2023,7,4,15,6.0
2023,12,15,8,11.0
2023,1,3,1,0.0
2023,2,6,D,1.0
2023,R,17,14,0.0
2023,R,5,4,0.0
2023,17,18,7,16.0
2023,R,13,R,17.0
2023,16,20,10,15.0
2023,8,7,R,7.0
2023,9,14,9,8.0
2023,10,16,R,9.0
2023,5,3,17,4.0
2023,4,9,R,3.0
2023,6,8,4,5.0
2023,11,19,16,10.0
2023,7,13,11,6.0
2023,3,4,R,2.0
2023,1,1,1,0.0
2023,2,7,5,1.0
2023,W,2,3,0.0
2023,R,18,15,0.0
2023,R,20,14,0.0
2023,R,14,R,0.0
2023,R,15,9,0.0
2023,8,5,2,7.0
2023,9,16,12,8.0
2023,10,12,10,9.0
2023,R,6,6,14.0
2023,12,11,13,11.0
2023,13,17,7,12.0
2023,14,10,8,13.0
2023,16,7,11,15.0
2023,R,16,2,19.0
2023,17,8,R,16.0
2023,18,20,9,17.0
2023,19,13,12,18.0
2023,3,12,4,2.0
2023,5,14,5,4.0
2023,6,2,6,5.0
2023,7,11,8,6.0
2023,4,17,10,3.0
2023,9,10,3,8.0
2023,10,19,14,9.0
2023,11,5,7,10.0
2023,12,6,R,11.0
2023,13,9,R,12.0
2023,14,15,13,13.0
2023,15,18,R,14.0
2023,8,4,R,7.0
2023,1,3,1,0.0
2023,2,1,W,1.0
2023,15,8,19,14.0
2023,16,20,16,15.0
2023,17,19,15,16.0
2023,18,16,6,17.0
2023,19,18,17,18.0
2023,3,4,8,2.0
2023,1,1,1,0.0
2023,2,2,2,1.0
2023,7,7,9,6.0
2023,8,6,18,7.0
2023,9,11,7,8.0
2023,10,13,5,9.0
2023,11,15,14,10.0
2023,4,9,3,3.0
2023,5,5,R,4.0
2023,6,3,10,5.0
2023,12,12,4,11.0
2023,20,17,13,19.0
2023,13,10,11,12.0
2023,14,14,12,13.0
2024,20,18,16,19.0
2024,17,19,12,16.0
2024,18,20,13,17.0
2024,16,10,15,15.0
2024,19,16,19,18.0
2024,3,4,18,2.0
2024,5,3,3,4.0
2024,6,7,5,5.0
2024,7,9,9,6.0
2024,4,2,2,3.0
2024,1,1,1,20.0
2024,2,5,4,1.0
2024,10,12,10,9.0
2024,9,6,7,8.0
2024,8,8,6,7.0
2024,11,17,17,10.0
2024,14,11,8,13.0
2024,13,14,11,12.0
2024,12,15,20,11.0
2024,15,13,14,14.0
2024,11,12,15,10.0
2024,10,15,16,9.0
2024,1,1,1,20.0
2024,14,19,20,13.0
2024,12,13,12,11.0
2024,4,5,8,3.0
2024,3,2,4,2.0
2024,2,3,2,1.0
2024,13,17,17,12.0
2024,17,16,19,16.0
2024,R,18,18,0.0
2024,R,10,10,18.0
2024,18,20,11,17.0
2024,15,9,14,14.0
2024,16,14,13,15.0
2024,6,7,5,5.0
2024,9,8,7,8.0
2024,7,11,,6.0
2024,8,6,6,7.0
2024,5,4,9,4.0
2024,9,16,10,8.0
2024,10,14,12,9.0
2024,6,9,R,5.0
2024,2,5,3,1.0
2024,8,10,5,7.0
2024,17,7,6,16.0
2024,16,15,13,15.0
2024,3,4,8,2.0
2024,4,6,4,3.0
2024,5,3,2,4.0
2024,1,2,3,0.0
2024,7,8,15,6.0
2024,R,11,9,17.0
2024,13,17,R,12.0
2024,R,1,1,0.0
2024,15,19,18,14.0
2024,14,13,17,13.0
2024,11,12,11,10.0
2024,12,18,16,11.0
2024,R,14,11,0.0
2024,6,5,8,5.0
2024,7,9,17,6.0
2024,R,20,15,17.0
2024,17,19,14,16.0
2024,16,17,13,15.0
2024,4,8,2,3.0
2024,3,4,1,2.0
2024,R,11,12,0.0
2024,14,13,14,13.0
2024,13,18,10,12.0
2024,15,15,16,14.0
2024,12,16,6,11.0
2024,11,12,9,10.0
2024,10,10,7,9.0
2024,9,7,R,8.0
2024,8,6,4,7.0
2024,1,1,R,0.0
2024,2,2,5,1.0
2024,5,3,3,4.0
2024,16,17,13,15.0
2024,12,14,R,11.0
2024,13,15,16,12.0
2024,14,16,R,13.0
2024,15,11,12,14.0
2024,R,12,R,17.0
2024,R,19,10,0.0
2024,17,20,17,16.0
2024,R,10,14,0.0
2024,8,5,8,7.0
2024,1,1,1,0.0
2024,3,2,2,2.0
2024,2,4,5,1.0
2024,4,6,4,3.0
2024,5,7,3,4.0
2024,6,8,7,5.0
2024,7,3,6,6.0
2024,10,9,11,9.0
2024,9,18,9,8.0
2024,11,13,15,10.0
2024,8,7,6,7.0
2024,12,12,13,11.0
2024,9,15,7,8.0
2024,10,13,11,9.0
2024,11,9,10,10.0
2024,15,18,R,14.0
2024,14,20,14,13.0
2024,16,16,R,15.0
2024,R,17,17,19.0
2024,6,8,9,5.0
2024,5,3,5,4.0
2024,7,10,R,6.0
2024,18,14,12,17.0
2024,3,2,4,2.0
2024,2,1,1,1.0
2024,1,5,2,0.0
2024,4,4,3,3.0
2024,17,11,15,16.0
2024,19,19,16,18.0
2024,13,6,8,12.0
2024,15,17,14,14.0
2024,11,10,11,10.0
2024,14,12,10,13.0
2024,13,9,15,12.0
2024,12,18,19,11.0
2024,7,6,8,6.0
2024,6,8,6,5.0
2024,5,5,5,4.0
2024,4,2,13,3.0
2024,8,11,4,7.0
2024,10,7,7,9.0
2024,9,13,17,8.0
2024,R,14,18,19.0
2024,3,4,3,2.0
2024,2,3,1,1.0
2024,1,1,2,0.0
2024,16,15,12,15.0
2024,19,19,9,18.0
2024,18,16,16,17.0
2024,17,20,R,16.0
2024,3,3,5,2.0
2024,R,11,14,16.0
2024,16,20,15,15.0
2024,R,18,8,0.0
2024,4,4,2,3.0
2024,6,6,1,5.0
2024,7,7,6,6.0
2024,8,8,10,7.0
2024,12,13,13,11.0
2024,11,16,19,10.0
2024,10,10,16,9.0
2024,13,19,18,12.0
2024,15,17,17,14.0
2024,14,14,9,13.0
2024,R,12,11,0.0
2024,R,15,12,0.0
2024,9,9,R,8.0
2024,5,5,7,4.0
2024,2,2,4,1.0
2024,1,1,3,0.0
2024,R,12,3,15.0
2024,13,17,13,12.0
2024,10,18,R,9.0
2024,15,20,16,14.0
2024,8,5,12,7.0
2024,7,9,14,6.0
2024,6,6,11,5.0
2024,9,15,10,8.0
2024,11,19,R,10.0
2024,2,3,4,1.0
2024,12,14,R,11.0
2024,14,8,8,13.0
2024,1,2,6,0.0
2024,5,4,2,4.0
2024,R,11,1,0.0
2024,R,13,15,0.0
2024,R,10,9,0.0
2024,R,16,R,0.0
2024,3,1,5,2.0
2024,4,7,7,3.0
2024,7,10,5,6.0
2024,6,6,R,5.0
2024,11,13,11,10.0
2024,20,20,R,19.0
2024,9,7,9,8.0
2024,3,3,4,2.0
2024,8,8,R,7.0
2024,10,9,10,9.0
2024,13,15,15,12.0
2024,14,14,7,13.0
2024,15,18,8,14.0
2024,4,4,3,3.0
2024,5,5,R,4.0
2024,19,17,14,18.0
2024,18,19,R,17.0
2024,17,16,12,16.0
2024,16,12,13,15.0
2024,12,11,6,11.0
2024,2,1,2,1.0
2024,1,2,1,0.0
2024,2,7,7,1.0
2024,4,5,3,3.0
2024,3,4,6,2.0
2024,20,2,2,19.0
2024,10,13,9,9.0
2024,11,6,5,10.0
2024,9,11,15,8.0
2024,16,18,16,15.0
2024,15,16,18,14.0
2024,14,14,19,13.0
2024,17,20,13,16.0
2024,18,15,12,17.0
2024,8,12,17,7.0
2024,1,3,4,20.0
2024,7,8,8,6.0
2024,13,17,14,12.0
2024,12,10,10,11.0
2024,19,19,20,18.0
2024,6,9,11,5.0
2024,5,1,1,4.0
2024,8,10,18,7.0
2024,7,8,13,6.0
2024,6,6,6,5.0
2024,15,16,16,14.0
2024,13,15,9,12.0
2024,10,13,14,9.0
2024,11,12,19,10.0
2024,12,17,8,11.0
2024,17,19,7,16.0
2024,18,14,17,17.0
2024,16,18,12,15.0
2024,4,5,2,3.0
2024,3,3,20,2.0
2024,14,11,11,13.0
2024,2,4,5,1.0
2024,1,2,4,20.0
2024,5,7,3,4.0
2024,9,9,15,8.0
2024,R,1,1,18.0
2024,W,20,10,0.0
2024,13,11,6,12.0
2024,2,1,3,1.0
2024,12,9,13,11.0
2024,14,13,9,13.0
2024,11,7,8,10.0
2024,10,8,7,9.0
2024,6,4,5,5.0
2024,9,10,10,8.0
2024,15,15,12,14.0
2024,19,18,18,18.0
2024,3,5,1,2.0
2024,4,6,14,3.0
2024,8,17,R,7.0
2024,7,16,17,6.0
2024,18,19,16,17.0
2024,1,2,4,0.0
2024,5,3,2,4.0
2024,16,12,15,15.0
2024,R,20,W,19.0
2024,17,14,11,16.0
2024,2,6,1,1.0
2024,3,2,4,2.0
2024,11,15,10,10.0
2024,12,11,14,11.0
2024,1,4,3,0.0
2024,8,9,11,7.0
2024,10,13,12,9.0
2024,9,10,18,8.0
2024,R,20,19,18.0
2024,D,7,8,0.0
2024,15,14,16,14.0
2024,16,18,9,15.0
2024,14,17,15,13.0
2024,13,12,R,12.0
2024,6,8,6,5.0
2024,7,3,7,6.0
2024,4,1,5,3.0
2024,5,5,2,4.0
2024,18,16,13,17.0
2024,17,19,17,16.0
2024,6,5,7,5.0
2024,4,3,2,3.0
2024,20,18,R,19.0
2024,5,10,6,4.0
2024,12,15,10,11.0
2024,13,8,11,12.0
2024,14,19,12,13.0
2024,15,16,9,14.0
2024,16,20,17,15.0
2024,17,12,16,16.0
2024,18,14,14,17.0
2024,19,17,15,18.0
2024,8,11,1,7.0
2024,1,1,5,0.0
2024,3,6,3,2.0
2024,2,2,4,1.0
2024,7,4,D,6.0
2024,9,9,13,8.0
2024,10,7,8,9.0
2024,11,13,18,10.0
2024,19,17,13,18.0
2024,15,14,9,14.0
2024,14,15,15,13.0
2024,12,18,,11.0
2024,8,8,6,7.0
2024,11,11,10,10.0
2024,10,13,18,9.0
2024,9,9,14,8.0
2024,13,12,12,12.0
2024,7,3,7,6.0
2024,6,7,2,5.0
2024,R,16,17,19.0
2024,5,6,8,4.0
2024,2,2,4,1.0
2024,1,4,3,20.0
2024,16,19,19,15.0
2024,17,10,11,16.0
2024,18,20,20,17.0
2024,3,1,1,2.0
2024,4,5,5,3.0
2024,12,20,15,11.0
2024,13,15,13,12.0
2024,18,3,4,17.0
2024,2,1,1,1.0
2024,6,8,11,5.0
2024,3,5,7,2.0
2024,4,16,3,3.0
2024,5,6,6,4.0
2024,9,7,5,8.0
2024,8,9,12,7.0
2024,7,10,9,6.0
2024,11,13,17,10.0
2024,10,11,7,9.0
2024,14,18,18,13.0
2024,15,19,14,14.0
2024,19,14,19,18.0
2024,1,2,2,0.0
2024,R,12,R,19.0
2024,16,17,16,15.0
2024,17,4,8,16.0
2024,5,9,2,4.0
2024,7,10,18,6.0
2024,1,1,4,0.0
2024,9,6,11,8.0
2024,10,13,17,9.0
2024,11,12,8,10.0
2024,12,8,R,11.0
2024,4,4,3,3.0
2024,3,5,1,2.0
2024,8,7,6,7.0
2024,2,2,5,1.0
2024,6,3,9,5.0
2024,R,11,7,19.0
2024,19,14,10,18.0
2024,18,16,13,17.0
2024,17,18,12,16.0
2024,15,20,14,14.0
2024,16,19,16,15.0
2024,14,17,19,13.0
2024,13,15,15,12.0
2024,R,19,6,19.0
2024,5,5,3,4.0
2024,1,4,5,0.0
2024,8,12,9,7.0
2024,7,10,10,6.0
2024,3,2,2,2.0
2024,9,15,17,8.0
2024,11,9,19,10.0
2024,2,3,7,1.0
2024,18,13,13,17.0
2024,15,14,14,14.0
2024,14,11,12,13.0
2024,13,8,8,12.0
2024,19,20,15,18.0
2024,6,6,4,5.0
2024,10,17,11,9.0
2024,17,18,16,16.0
2024,16,16,R,15.0
2024,12,7,17,11.0
2024,4,1,1,3.0
2024,17,18,7,16.0
2024,16,12,9,15.0
2024,1,1,2,0.0
2024,3,4,1,2.0
2024,9,10,8,8.0
2024,8,17,5,7.0
2024,R,9,16,0.0
2024,R,13,13,17.0
2024,14,15,17,13.0
2024,15,20,19,14.0
2024,12,16,10,11.0
2024,13,19,18,12.0
2024,7,7,11,6.0
2024,6,2,3,5.0
2024,11,14,15,10.0
2024,10,8,12,9.0
2024,5,5,6,4.0
2024,2,3,4,1.0
2024,R,11,14,0.0
2024,4,6,R,3.0
2024,5,6,3,4.0
2024,4,2,5,3.0
2024,15,20,15,14.0
2024,14,9,R,13.0
2024,10,16,4,9.0
2024,11,13,17,10.0
2024,8,8,8,7.0
2024,9,5,16,8.0
2024,3,15,10,2.0
2024,2,4,13,1.0
2024,7,3,R,6.0
2024,6,1,2,5.0
2024,12,17,10,11.0
2024,13,11,14,12.0
2024,R,14,1,15.0
2024,1,12,6,0.0
2024,W,10,11,0.0
2024,W,7,R,0.0
2024,D,19,9,0.0
2024,R,18,12,0.0
2024,16,15,9,15.0
2024,17,11,2,16.0
2024,18,19,13,17.0
2024,13,13,15,12.0
2024,9,7,7,8.0
2024,11,17,14,10.0
2024,6,6,6,5.0
2024,R,3,3,0.0
2024,8,9,D,7.0
2024,14,14,R,13.0
2024,15,20,W,14.0
2024,R,18,W,18.0
2024,12,12,7,11.0
2024,10,16,11,9.0
2024,1,1,4,0.0
2024,4,4,5,3.0
2024,5,5,1,4.0
2024,7,8,8,6.0
2024,3,2,R,2.0
2024,2,10,10,1.0
2024,R,19,14,0.0
2024,R,15,15,0.0
2024,1,1,5,0.0
2024,2,5,4,1.0
2024,R,18,8,15.0
2024,3,4,7,2.0
2024,12,6,2,11.0
2024,13,14,9,12.0
2024,11,13,18,10.0
2024,8,12,13,7.0
2024,7,8,11,6.0
2024,6,7,3,5.0
2024,9,10,12,8.0
2024,10,3,6,9.0
2024,R,9,10,0.0
2024,R,20,17,0.0
2024,14,17,16,13.0
2024,15,16,R,14.0
2024,4,2,1,3.0
2024,5,11,R,4.0
2024,11,16,15,10.0
2024,10,2,3,9.0
2024,6,5,1,5.0
2024,7,6,5,6.0
2024,3,14,2,2.0
2024,4,18,12,3.0
2024,8,4,R,7.0
2024,9,8,7,8.0
2024,5,7,4,4.0
2024,2,3,6,1.0
2024,1,1,10,0.0
2024,14,13,R,13.0
2024,12,11,13,11.0
2024,13,17,8,12.0
2024,16,15,9,15.0
2024,15,20,,14.0
2024,17,12,14,16.0
2024,R,9,11,17.0
2024,R,19,R,0.0
2024,R,10,R,0.0
