raceId,year,round,circuitId,date,fp1_time,fp2_time,fp3_time,quali_time,sprint_time,resultId,driverId,constructorId,grid,positionText,laps,last_1,last_2,last_3,last_4,last_5
1104,2023,6,6,2023-05-28,11:30:00,15:00:00,10:30:00,14:00:00,\N,25958,855,51,19,13,77,16,R,9,13,16
1104,2023,6,6,2023-05-28,11:30:00,15:00:00,10:30:00,14:00:00,\N,25959,848,3,13,14,77,14,12,R,R,10
1104,2023,6,6,2023-05-28,11:30:00,15:00:00,10:30:00,14:00:00,\N,25961,815,9,20,16,76,2,1,5,1,2
1104,2023,6,6,2023-05-28,11:30:00,15:00:00,10:30:00,14:00:00,\N,25957,856,213,12,12,77,18,R,15,14,14
1104,2023,6,6,2023-05-28,11:30:00,15:00:00,10:30:00,14:00:00,\N,25963,858,3,16,18,76,20,16,16,16,12
1104,2023,6,6,2023-05-28,11:30:00,15:00:00,10:30:00,14:00:00,\N,25964,825,210,17,R,70,10,13,17,10,13
1104,2023,6,6,2023-05-28,11:30:00,15:00:00,10:30:00,14:00:00,\N,25965,840,117,14,R,53,12,7,4,R,6
1104,2023,6,6,2023-05-28,11:30:00,15:00:00,10:30:00,14:00:00,\N,25962,807,210,18,17,76,15,17,7,12,15
1104,2023,6,6,2023-05-28,11:30:00,15:00:00,10:30:00,14:00:00,\N,25956,822,51,15,11,77,13,18,11,18,8
1104,2023,6,6,2023-05-28,11:30:00,15:00:00,10:30:00,14:00:00,\N,25960,852,213,9,15,76,11,10,10,11,11
1104,2023,6,6,2023-05-28,11:30:00,15:00:00,10:30:00,14:00:00,\N,25954,846,1,10,9,77,17,9,6,17,17
1104,2023,6,6,2023-05-28,11:30:00,15:00:00,10:30:00,14:00:00,\N,25946,830,9,1,1,78,1,2,1,2,1
1104,2023,6,6,2023-05-28,11:30:00,15:00:00,10:30:00,14:00:00,\N,25947,4,117,2,2,78,3,4,3,3,3
1104,2023,6,6,2023-05-28,11:30:00,15:00:00,10:30:00,14:00:00,\N,25948,839,214,3,3,78,9,15,14,8,R
1104,2023,6,6,2023-05-28,11:30:00,15:00:00,10:30:00,14:00:00,\N,25949,1,131,5,4,78,6,6,2,5,5
1104,2023,6,6,2023-05-28,11:30:00,15:00:00,10:30:00,14:00:00,\N,25955,857,1,11,10,77,19,11,8,15,R
1104,2023,6,6,2023-05-28,11:30:00,15:00:00,10:30:00,14:00:00,\N,25951,844,6,6,6,78,7,3,R,7,R
1104,2023,6,6,2023-05-28,11:30:00,15:00:00,10:30:00,14:00:00,\N,25952,842,214,7,7,78,8,14,13,9,9
1104,2023,6,6,2023-05-28,11:30:00,15:00:00,10:30:00,14:00:00,\N,25953,832,6,4,8,78,5,5,12,6,4
1104,2023,6,6,2023-05-28,11:30:00,15:00:00,10:30:00,14:00:00,\N,25950,847,131,8,5,78,4,8,R,4,7
1105,2023,7,4,2023-06-04,11:30:00,15:00:00,10:30:00,14:00:00,\N,25985,858,3,20,20,65,18,20,16,16,16
1105,2023,7,4,2023-06-04,11:30:00,15:00:00,10:30:00,14:00:00,\N,25984,822,51,16,19,65,11,13,18,11,18
1105,2023,7,4,2023-06-04,11:30:00,15:00:00,10:30:00,14:00:00,\N,25983,825,210,17,18,65,R,10,13,17,10
1105,2023,7,4,2023-06-04,11:30:00,15:00:00,10:30:00,14:00:00,\N,25982,846,1,3,17,65,9,17,9,6,17
1105,2023,7,4,2023-06-04,11:30:00,15:00:00,10:30:00,14:00:00,\N,25981,848,3,18,16,65,14,14,12,R,R
1105,2023,7,4,2023-06-04,11:30:00,15:00:00,10:30:00,14:00:00,\N,25980,807,210,7,15,65,17,15,17,7,12
1105,2023,7,4,2023-06-04,11:30:00,15:00:00,10:30:00,14:00:00,\N,25979,856,213,14,14,65,12,18,R,15,14
1105,2023,7,4,2023-06-04,11:30:00,15:00:00,10:30:00,14:00:00,\N,25977,852,213,15,12,66,15,11,10,10,11
1105,2023,7,4,2023-06-04,11:30:00,15:00:00,10:30:00,14:00:00,\N,25976,844,6,19,11,66,6,7,3,R,7
1105,2023,7,4,2023-06-04,11:30:00,15:00:00,10:30:00,14:00:00,\N,25978,857,1,9,13,65,10,19,11,8,15
1105,2023,7,4,2023-06-04,11:30:00,15:00:00,10:30:00,14:00:00,\N,25974,855,51,13,9,66,13,16,R,9,13
1105,2023,7,4,2023-06-04,11:30:00,15:00:00,10:30:00,14:00:00,\N,25973,839,214,6,8,66,3,9,15,14,8
1105,2023,7,4,2023-06-04,11:30:00,15:00:00,10:30:00,14:00:00,\N,25972,4,117,8,7,66,2,3,4,3,3
1105,2023,7,4,2023-06-04,11:30:00,15:00:00,10:30:00,14:00:00,\N,25971,840,117,5,6,66,R,12,7,4,R
1105,2023,7,4,2023-06-04,11:30:00,15:00:00,10:30:00,14:00:00,\N,25970,832,6,2,5,66,8,5,5,12,6
1105,2023,7,4,2023-06-04,11:30:00,15:00:00,10:30:00,14:00:00,\N,25969,815,9,11,4,66,16,2,1,5,1
1105,2023,7,4,2023-06-04,11:30:00,15:00:00,10:30:00,14:00:00,\N,25968,847,131,12,3,66,5,4,8,R,4
1105,2023,7,4,2023-06-04,11:30:00,15:00:00,10:30:00,14:00:00,\N,25967,1,131,4,2,66,4,6,6,2,5
1105,2023,7,4,2023-06-04,11:30:00,15:00:00,10:30:00,14:00:00,\N,25975,842,214,10,10,66,7,8,14,13,9
1105,2023,7,4,2023-06-04,11:30:00,15:00:00,10:30:00,14:00:00,\N,25966,830,9,1,1,66,1,1,2,1,2
1106,2023,8,7,2023-06-18,17:30:00,21:00:00,16:30:00,20:00:00,\N,25998,846,1,7,13,70,17,9,17,9,6
1106,2023,8,7,2023-06-18,17:30:00,21:00:00,16:30:00,20:00:00,\N,25999,852,213,19,14,70,12,15,11,10,10
1106,2023,8,7,2023-06-18,17:30:00,21:00:00,16:30:00,20:00:00,\N,26000,807,210,5,15,69,15,17,15,17,7
1106,2023,8,7,2023-06-18,17:30:00,21:00:00,16:30:00,20:00:00,\N,26001,855,51,20,16,69,9,13,16,R,9
1106,2023,8,7,2023-06-18,17:30:00,21:00:00,16:30:00,20:00:00,\N,26005,858,3,18,R,6,20,18,20,16,16
1106,2023,8,7,2023-06-18,17:30:00,21:00:00,16:30:00,20:00:00,\N,26003,856,213,17,18,69,14,12,18,R,15
1106,2023,8,7,2023-06-18,17:30:00,21:00:00,16:30:00,20:00:00,\N,26004,847,131,4,R,53,3,5,4,8,R
1106,2023,8,7,2023-06-18,17:30:00,21:00:00,16:30:00,20:00:00,\N,25997,842,214,15,12,70,10,7,8,14,13
1106,2023,8,7,2023-06-18,17:30:00,21:00:00,16:30:00,20:00:00,\N,26002,825,210,13,17,69,18,R,10,13,17
1106,2023,8,7,2023-06-18,17:30:00,21:00:00,16:30:00,20:00:00,\N,25996,857,1,8,11,70,13,10,19,11,8
1106,2023,8,7,2023-06-18,17:30:00,21:00:00,16:30:00,20:00:00,\N,25988,1,131,3,3,70,2,4,6,6,2
1106,2023,8,7,2023-06-18,17:30:00,21:00:00,16:30:00,20:00:00,\N,25994,840,117,16,9,70,6,R,12,7,4
1106,2023,8,7,2023-06-18,17:30:00,21:00:00,16:30:00,20:00:00,\N,25993,839,214,6,8,70,8,3,9,15,14
1106,2023,8,7,2023-06-18,17:30:00,21:00:00,16:30:00,20:00:00,\N,25992,848,3,9,7,70,16,14,14,12,R
1106,2023,8,7,2023-06-18,17:30:00,21:00:00,16:30:00,20:00:00,\N,25991,815,9,12,6,70,4,16,2,1,5
1106,2023,8,7,2023-06-18,17:30:00,21:00:00,16:30:00,20:00:00,\N,25990,832,6,11,5,70,5,8,5,5,12
1106,2023,8,7,2023-06-18,17:30:00,21:00:00,16:30:00,20:00:00,\N,25989,844,6,10,4,70,11,6,7,3,R
1106,2023,8,7,2023-06-18,17:30:00,21:00:00,16:30:00,20:00:00,\N,25987,4,117,2,2,70,7,2,3,4,3
1106,2023,8,7,2023-06-18,17:30:00,21:00:00,16:30:00,20:00:00,\N,25986,830,9,1,1,70,1,1,1,2,1
1106,2023,8,7,2023-06-18,17:30:00,21:00:00,16:30:00,20:00:00,\N,25995,822,51,14,10,70,19,11,13,18,11
1107,2023,9,70,2023-07-02,11:30:00,10:30:00,\N,15:00:00,14:30:00,26017,855,51,17,12,70,16,9,13,16,R
1107,2023,9,70,2023-07-02,11:30:00,10:30:00,\N,15:00:00,14:30:00,26018,858,3,18,13,70,R,20,18,20,16
1107,2023,9,70,2023-07-02,11:30:00,10:30:00,\N,15:00:00,14:30:00,26019,839,214,12,14,70,8,8,3,9,15
1107,2023,9,70,2023-07-02,11:30:00,10:30:00,\N,15:00:00,14:30:00,26020,822,51,14,15,70,10,19,11,13,18
1107,2023,9,70,2023-07-02,11:30:00,10:30:00,\N,15:00:00,14:30:00,26024,852,213,16,19,70,14,12,15,11,10
1107,2023,9,70,2023-07-02,11:30:00,10:30:00,\N,15:00:00,14:30:00,26022,856,213,0,17,70,18,14,12,18,R
1107,2023,9,70,2023-07-02,11:30:00,10:30:00,\N,15:00:00,14:30:00,26023,825,210,0,18,70,17,18,R,10,13
1107,2023,9,70,2023-07-02,11:30:00,10:30:00,\N,15:00:00,14:30:00,26016,848,3,10,11,71,7,16,14,14,12
1107,2023,9,70,2023-07-02,11:30:00,10:30:00,\N,15:00:00,14:30:00,26021,857,1,13,16,70,11,13,10,19,11
1107,2023,9,70,2023-07-02,11:30:00,10:30:00,\N,15:00:00,14:30:00,26025,807,210,8,R,12,15,15,17,15,17
1107,2023,9,70,2023-07-02,11:30:00,10:30:00,\N,15:00:00,14:30:00,26015,842,214,9,10,71,12,10,7,8,14
1107,2023,9,70,2023-07-02,11:30:00,10:30:00,\N,15:00:00,14:30:00,26013,1,131,5,8,71,3,2,4,6,6
1107,2023,9,70,2023-07-02,11:30:00,10:30:00,\N,15:00:00,14:30:00,26006,830,9,1,1,71,1,1,1,1,2
1107,2023,9,70,2023-07-02,11:30:00,10:30:00,\N,15:00:00,14:30:00,26007,844,6,2,2,71,4,11,6,7,3
1107,2023,9,70,2023-07-02,11:30:00,10:30:00,\N,15:00:00,14:30:00,26008,815,9,15,3,71,6,4,16,2,1
1107,2023,9,70,2023-07-02,11:30:00,10:30:00,\N,15:00:00,14:30:00,26014,840,117,6,9,71,9,6,R,12,7
1107,2023,9,70,2023-07-02,11:30:00,10:30:00,\N,15:00:00,14:30:00,26010,4,117,7,5,71,2,7,2,3,4
1107,2023,9,70,2023-07-02,11:30:00,10:30:00,\N,15:00:00,14:30:00,26011,832,6,3,6,71,5,5,8,5,5
1107,2023,9,70,2023-07-02,11:30:00,10:30:00,\N,15:00:00,14:30:00,26012,847,131,11,7,71,R,3,5,4,8
1107,2023,9,70,2023-07-02,11:30:00,10:30:00,\N,15:00:00,14:30:00,26009,846,1,4,4,71,13,17,9,17,9
1108,2023,10,9,2023-07-09,11:30:00,15:00:00,10:30:00,14:00:00,\N,26038,807,210,11,13,52,R,15,15,17,15
1108,2023,10,9,2023-07-09,11:30:00,15:00:00,10:30:00,14:00:00,\N,26045,839,214,13,R,9,14,8,8,3,9
1108,2023,10,9,2023-07-09,11:30:00,15:00:00,10:30:00,14:00:00,\N,26044,825,210,19,R,31,18,17,18,R,10
1108,2023,10,9,2023-07-09,11:30:00,15:00:00,10:30:00,14:00:00,\N,26043,842,214,10,18,46,10,12,10,7,8
1108,2023,10,9,2023-07-09,11:30:00,15:00:00,10:30:00,14:00:00,\N,26042,856,213,18,17,52,17,18,14,12,18
1108,2023,10,9,2023-07-09,11:30:00,15:00:00,10:30:00,14:00:00,\N,26041,852,213,16,16,52,19,14,12,15,11
1108,2023,10,9,2023-07-09,11:30:00,15:00:00,10:30:00,14:00:00,\N,26040,855,51,17,15,52,12,16,9,13,16
1108,2023,10,9,2023-07-09,11:30:00,15:00:00,10:30:00,14:00:00,\N,26039,840,117,12,14,52,9,9,6,R,12
1108,2023,10,9,2023-07-09,11:30:00,15:00:00,10:30:00,14:00:00,\N,26037,822,51,20,12,52,15,10,19,11,13
1108,2023,10,9,2023-07-09,11:30:00,15:00:00,10:30:00,14:00:00,\N,26036,858,3,14,11,52,13,R,20,18,20
1108,2023,10,9,2023-07-09,11:30:00,15:00:00,10:30:00,14:00:00,\N,26026,830,9,1,1,52,1,1,1,1,1
1108,2023,10,9,2023-07-09,11:30:00,15:00:00,10:30:00,14:00:00,\N,26034,844,6,4,9,52,2,4,11,6,7
1108,2023,10,9,2023-07-09,11:30:00,15:00:00,10:30:00,14:00:00,\N,26033,848,3,8,8,52,11,7,16,14,14
1108,2023,10,9,2023-07-09,11:30:00,15:00:00,10:30:00,14:00:00,\N,26032,4,117,9,7,52,5,2,7,2,3
1108,2023,10,9,2023-07-09,11:30:00,15:00:00,10:30:00,14:00:00,\N,26031,815,9,15,6,52,3,6,4,16,2
1108,2023,10,9,2023-07-09,11:30:00,15:00:00,10:30:00,14:00:00,\N,26030,847,131,6,5,52,7,R,3,5,4
1108,2023,10,9,2023-07-09,11:30:00,15:00:00,10:30:00,14:00:00,\N,26029,857,1,3,4,52,16,11,13,10,19
1108,2023,10,9,2023-07-09,11:30:00,15:00:00,10:30:00,14:00:00,\N,26028,1,131,7,3,52,8,3,2,4,6
1108,2023,10,9,2023-07-09,11:30:00,15:00:00,10:30:00,14:00:00,\N,26027,846,1,2,2,52,4,13,17,9,17
1108,2023,10,9,2023-07-09,11:30:00,15:00:00,10:30:00,14:00:00,\N,26035,832,6,5,10,52,6,5,5,8,5
1109,2023,11,11,2023-07-23,11:30:00,15:00:00,10:30:00,14:00:00,\N,26059,807,210,10,14,69,13,R,15,15,17
1109,2023,11,11,2023-07-23,11:30:00,15:00:00,10:30:00,14:00:00,\N,26060,852,213,17,15,69,16,19,14,12,15
1109,2023,11,11,2023-07-23,11:30:00,15:00:00,10:30:00,14:00:00,\N,26061,855,51,5,16,69,15,12,16,9,13
1109,2023,11,11,2023-07-23,11:30:00,15:00:00,10:30:00,14:00:00,\N,26057,822,51,7,12,69,12,15,10,19,11
1109,2023,11,11,2023-07-23,11:30:00,15:00:00,10:30:00,14:00:00,\N,26063,858,3,20,R,67,11,13,R,20,18
1109,2023,11,11,2023-07-23,11:30:00,15:00:00,10:30:00,14:00:00,\N,26064,839,214,12,R,2,R,14,8,8,3
1109,2023,11,11,2023-07-23,11:30:00,15:00:00,10:30:00,14:00:00,\N,26065,842,214,15,R,1,18,10,12,10,7
1109,2023,11,11,2023-07-23,11:30:00,15:00:00,10:30:00,14:00:00,\N,26062,825,210,19,17,69,R,18,17,18,R
1109,2023,11,11,2023-07-23,11:30:00,15:00:00,10:30:00,14:00:00,\N,26056,848,3,16,11,69,8,11,7,16,14
1109,2023,11,11,2023-07-23,11:30:00,15:00:00,10:30:00,14:00:00,\N,26046,830,9,2,1,70,1,1,1,1,1
1109,2023,11,11,2023-07-23,11:30:00,15:00:00,10:30:00,14:00:00,\N,26054,4,117,8,9,70,7,5,2,7,2
1109,2023,11,11,2023-07-23,11:30:00,15:00:00,10:30:00,14:00:00,\N,26053,832,6,11,8,70,10,6,5,5,8
1109,2023,11,11,2023-07-23,11:30:00,15:00:00,10:30:00,14:00:00,\N,26052,844,6,6,7,70,9,2,4,11,6
1109,2023,11,11,2023-07-23,11:30:00,15:00:00,10:30:00,14:00:00,\N,26051,847,131,18,6,70,5,7,R,3,5
1109,2023,11,11,2023-07-23,11:30:00,15:00:00,10:30:00,14:00:00,\N,26050,857,1,4,5,70,4,16,11,13,10
1109,2023,11,11,2023-07-23,11:30:00,15:00:00,10:30:00,14:00:00,\N,26049,1,131,1,4,70,3,8,3,2,4
1109,2023,11,11,2023-07-23,11:30:00,15:00:00,10:30:00,14:00:00,\N,26048,815,9,9,3,70,6,3,6,4,16
1109,2023,11,11,2023-07-23,11:30:00,15:00:00,10:30:00,14:00:00,\N,26047,846,1,3,2,70,2,4,13,17,9
1109,2023,11,11,2023-07-23,11:30:00,15:00:00,10:30:00,14:00:00,\N,26055,840,117,14,10,69,14,9,9,6,R
1110,2023,12,13,2023-07-30,11:30:00,10:30:00,\N,15:00:00,14:30:00,26078,855,51,17,13,44,16,15,12,16,9
1110,2023,12,13,2023-07-30,11:30:00,10:30:00,\N,15:00:00,14:30:00,26079,848,3,15,14,44,11,8,11,7,16
1110,2023,12,13,2023-07-30,11:30:00,10:30:00,\N,15:00:00,14:30:00,26080,825,210,16,15,44,17,R,18,17,18
1110,2023,12,13,2023-07-30,11:30:00,10:30:00,\N,15:00:00,14:30:00,26085,857,1,5,R,0,5,4,16,11,13
1110,2023,12,13,2023-07-30,11:30:00,10:30:00,\N,15:00:00,14:30:00,26083,807,210,0,18,44,14,13,R,15,15
1110,2023,12,13,2023-07-30,11:30:00,10:30:00,\N,15:00:00,14:30:00,26084,832,6,4,R,23,8,10,6,5,5
1110,2023,12,13,2023-07-30,11:30:00,10:30:00,\N,15:00:00,14:30:00,26077,822,51,13,12,44,12,12,15,10,19
1110,2023,12,13,2023-07-30,11:30:00,10:30:00,\N,15:00:00,14:30:00,26082,858,3,18,17,44,R,11,13,R,20
1110,2023,12,13,2023-07-30,11:30:00,10:30:00,\N,15:00:00,14:30:00,26076,842,214,12,11,44,R,18,10,12,10
1110,2023,12,13,2023-07-30,11:30:00,10:30:00,\N,15:00:00,14:30:00,26070,4,117,9,5,44,9,7,5,2,7
1110,2023,12,13,2023-07-30,11:30:00,10:30:00,\N,15:00:00,14:30:00,26074,840,117,10,9,44,10,14,9,9,6
1110,2023,12,13,2023-07-30,11:30:00,10:30:00,\N,15:00:00,14:30:00,26073,839,214,14,8,44,R,R,14,8,8
1110,2023,12,13,2023-07-30,11:30:00,10:30:00,\N,15:00:00,14:30:00,26072,846,1,7,7,44,2,2,4,13,17
1110,2023,12,13,2023-07-30,11:30:00,10:30:00,\N,15:00:00,14:30:00,26071,847,131,8,6,44,6,5,7,R,3
1110,2023,12,13,2023-07-30,11:30:00,10:30:00,\N,15:00:00,14:30:00,26075,852,213,11,10,44,15,16,19,14,12
1110,2023,12,13,2023-07-30,11:30:00,10:30:00,\N,15:00:00,14:30:00,26069,1,131,3,4,44,4,3,8,3,2
1110,2023,12,13,2023-07-30,11:30:00,10:30:00,\N,15:00:00,14:30:00,26068,844,6,1,3,44,7,9,2,4,11
1110,2023,12,13,2023-07-30,11:30:00,10:30:00,\N,15:00:00,14:30:00,26067,815,9,2,2,44,3,6,3,6,4
1110,2023,12,13,2023-07-30,11:30:00,10:30:00,\N,15:00:00,14:30:00,26066,830,9,6,1,44,1,1,1,1,1
1111,2023,13,39,2023-08-27,10:30:00,14:00:00,09:30:00,13:00:00,\N,26099,822,51,18,14,72,12,12,12,15,10
1111,2023,13,39,2023-08-27,10:30:00,14:00:00,09:30:00,13:00:00,\N,26100,852,213,17,15,72,10,15,16,19,14
1111,2023,13,39,2023-08-27,10:30:00,14:00:00,09:30:00,13:00:00,\N,26101,825,210,0,16,72,15,17,R,18,17
1111,2023,13,39,2023-08-27,10:30:00,14:00:00,09:30:00,13:00:00,\N,26105,858,3,10,R,14,17,R,11,13,R
1111,2023,13,39,2023-08-27,10:30:00,14:00:00,09:30:00,13:00:00,\N,26103,855,51,15,R,62,13,16,15,12,16
1111,2023,13,39,2023-08-27,10:30:00,14:00:00,09:30:00,13:00:00,\N,26104,844,6,9,R,41,3,7,9,2,4
1111,2023,13,39,2023-08-27,10:30:00,14:00:00,09:30:00,13:00:00,\N,26097,807,210,14,12,72,18,14,13,R,15
1111,2023,13,39,2023-08-27,10:30:00,14:00:00,09:30:00,13:00:00,\N,26102,847,131,3,17,72,6,6,5,7,R
1111,2023,13,39,2023-08-27,10:30:00,14:00:00,09:30:00,13:00:00,\N,26096,840,117,11,11,72,9,10,14,9,9
1111,2023,13,39,2023-08-27,10:30:00,14:00:00,09:30:00,13:00:00,\N,26095,839,214,16,10,72,8,R,R,14,8
1111,2023,13,39,2023-08-27,10:30:00,14:00:00,09:30:00,13:00:00,\N,26094,857,1,8,9,72,R,5,4,16,11
1111,2023,13,39,2023-08-27,10:30:00,14:00:00,09:30:00,13:00:00,\N,26087,4,117,5,2,72,5,9,7,5,2
1111,2023,13,39,2023-08-27,10:30:00,14:00:00,09:30:00,13:00:00,\N,26088,842,214,12,3,72,11,R,18,10,12
1111,2023,13,39,2023-08-27,10:30:00,14:00:00,09:30:00,13:00:00,\N,26089,815,9,7,4,72,2,3,6,3,6
1111,2023,13,39,2023-08-27,10:30:00,14:00:00,09:30:00,13:00:00,\N,26086,830,9,1,1,72,1,1,1,1,1
1111,2023,13,39,2023-08-27,10:30:00,14:00:00,09:30:00,13:00:00,\N,26091,1,131,13,6,72,4,4,3,8,3
1111,2023,13,39,2023-08-27,10:30:00,14:00:00,09:30:00,13:00:00,\N,26092,846,1,2,7,72,7,2,2,4,13
1111,2023,13,39,2023-08-27,10:30:00,14:00:00,09:30:00,13:00:00,\N,26093,848,3,4,8,72,14,11,8,11,7
1111,2023,13,39,2023-08-27,10:30:00,14:00:00,09:30:00,13:00:00,\N,26090,832,6,6,5,72,R,8,10,6,5
1112,2023,14,14,2023-09-03,11:30:00,15:00:00,10:30:00,14:00:00,\N,26117,857,1,7,12,51,9,R,5,4,16
1112,2023,14,14,2023-09-03,11:30:00,15:00:00,10:30:00,14:00:00,\N,26124,839,214,18,R,39,10,8,R,R,14
1112,2023,14,14,2023-09-03,11:30:00,15:00:00,10:30:00,14:00:00,\N,26123,825,210,19,18,50,16,15,17,R,18
1112,2023,14,14,2023-09-03,11:30:00,15:00:00,10:30:00,14:00:00,\N,26122,807,210,13,17,50,12,18,14,13,R
1112,2023,14,14,2023-09-03,11:30:00,15:00:00,10:30:00,14:00:00,\N,26121,840,117,20,16,51,11,9,10,14,9
1112,2023,14,14,2023-09-03,11:30:00,15:00:00,10:30:00,14:00:00,\N,26120,842,214,17,15,51,3,11,R,18,10
1112,2023,14,14,2023-09-03,11:30:00,15:00:00,10:30:00,14:00:00,\N,26119,855,51,16,14,51,R,13,16,15,12
1112,2023,14,14,2023-09-03,11:30:00,15:00:00,10:30:00,14:00:00,\N,26118,858,3,15,13,51,R,17,R,11,13
1112,2023,14,14,2023-09-03,11:30:00,15:00:00,10:30:00,14:00:00,\N,26125,852,213,11,R,0,15,10,15,16,19
1112,2023,14,14,2023-09-03,11:30:00,15:00:00,10:30:00,14:00:00,\N,26114,4,117,10,9,51,2,5,9,7,5
1112,2023,14,14,2023-09-03,11:30:00,15:00:00,10:30:00,14:00:00,\N,26106,830,9,2,1,51,1,1,1,1,1
1112,2023,14,14,2023-09-03,11:30:00,15:00:00,10:30:00,14:00:00,\N,26107,815,9,5,2,51,4,2,3,6,3
1112,2023,14,14,2023-09-03,11:30:00,15:00:00,10:30:00,14:00:00,\N,26108,832,6,1,3,51,5,R,8,10,6
1112,2023,14,14,2023-09-03,11:30:00,15:00:00,10:30:00,14:00:00,\N,26109,844,6,3,4,51,R,3,7,9,2
1112,2023,14,14,2023-09-03,11:30:00,15:00:00,10:30:00,14:00:00,\N,26115,822,51,14,10,51,14,12,12,12,15
1112,2023,14,14,2023-09-03,11:30:00,15:00:00,10:30:00,14:00:00,\N,26111,1,131,8,6,51,6,4,4,3,8
1112,2023,14,14,2023-09-03,11:30:00,15:00:00,10:30:00,14:00:00,\N,26112,848,3,6,7,51,8,14,11,8,11
1112,2023,14,14,2023-09-03,11:30:00,15:00:00,10:30:00,14:00:00,\N,26113,846,1,9,8,51,7,7,2,2,4
1112,2023,14,14,2023-09-03,11:30:00,15:00:00,10:30:00,14:00:00,\N,26110,847,131,4,5,51,17,6,6,5,7
1113,2023,15,15,2023-09-17,09:30:00,13:00:00,09:30:00,13:00:00,\N,26137,855,51,0,12,62,14,R,13,16,15
1113,2023,15,15,2023-09-17,09:30:00,13:00:00,09:30:00,13:00:00,\N,26144,852,213,15,R,0,R,15,10,15,16
1113,2023,15,15,2023-09-17,09:30:00,13:00:00,09:30:00,13:00:00,\N,26143,839,214,8,R,42,R,10,8,R,R
1113,2023,15,15,2023-09-17,09:30:00,13:00:00,09:30:00,13:00:00,\N,26142,822,51,16,R,51,10,14,12,12,12
1113,2023,15,15,2023-09-17,09:30:00,13:00:00,09:30:00,13:00:00,\N,26141,847,131,2,16,61,5,17,6,6,5
1113,2023,15,15,2023-09-17,09:30:00,13:00:00,09:30:00,13:00:00,\N,26140,4,117,7,15,62,9,2,5,9,7
1113,2023,15,15,2023-09-17,09:30:00,13:00:00,09:30:00,13:00:00,\N,26139,858,3,18,14,62,13,R,17,R,11
1113,2023,15,15,2023-09-17,09:30:00,13:00:00,09:30:00,13:00:00,\N,26138,807,210,9,13,62,17,12,18,14,13
1113,2023,15,15,2023-09-17,09:30:00,13:00:00,09:30:00,13:00:00,\N,26136,848,3,14,11,62,7,8,14,11,8
1113,2023,15,15,2023-09-17,09:30:00,13:00:00,09:30:00,13:00:00,\N,26145,840,117,0,W,0,16,11,9,10,14
1113,2023,15,15,2023-09-17,09:30:00,13:00:00,09:30:00,13:00:00,\N,26126,832,6,1,1,62,3,5,R,8,10
1113,2023,15,15,2023-09-17,09:30:00,13:00:00,09:30:00,13:00:00,\N,26127,846,1,4,2,62,8,7,7,2,2
1113,2023,15,15,2023-09-17,09:30:00,13:00:00,09:30:00,13:00:00,\N,26128,1,131,5,3,62,6,6,4,4,3
1113,2023,15,15,2023-09-17,09:30:00,13:00:00,09:30:00,13:00:00,\N,26129,844,6,3,4,62,4,R,3,7,9
1113,2023,15,15,2023-09-17,09:30:00,13:00:00,09:30:00,13:00:00,\N,26135,825,210,6,10,62,18,16,15,17,R
1113,2023,15,15,2023-09-17,09:30:00,13:00:00,09:30:00,13:00:00,\N,26131,842,214,12,6,62,15,3,11,R,18
1113,2023,15,15,2023-09-17,09:30:00,13:00:00,09:30:00,13:00:00,\N,26132,857,1,17,7,62,12,9,R,5,4
1113,2023,15,15,2023-09-17,09:30:00,13:00:00,09:30:00,13:00:00,\N,26133,815,9,13,8,62,2,4,2,3,6
1113,2023,15,15,2023-09-17,09:30:00,13:00:00,09:30:00,13:00:00,\N,26130,830,9,11,5,62,1,1,1,1,1
1114,2023,16,22,2023-09-24,02:30:00,06:00:00,02:30:00,06:00:00,\N,26164,815,9,5,R,15,8,2,4,2,3
1114,2023,16,22,2023-09-24,02:30:00,06:00:00,02:30:00,06:00:00,\N,26163,840,117,17,R,20,W,16,11,9,10
1114,2023,16,22,2023-09-24,02:30:00,06:00:00,02:30:00,06:00:00,\N,26162,858,3,0,R,22,14,13,R,17,R
1114,2023,16,22,2023-09-24,02:30:00,06:00:00,02:30:00,06:00:00,\N,26161,848,3,13,R,26,11,7,8,14,11
1114,2023,16,22,2023-09-24,02:30:00,06:00:00,02:30:00,06:00:00,\N,26160,825,210,15,15,52,10,18,16,15,17
1114,2023,16,22,2023-09-24,02:30:00,06:00:00,02:30:00,06:00:00,\N,26159,807,210,18,14,52,13,17,12,18,14
1114,2023,16,22,2023-09-24,02:30:00,06:00:00,02:30:00,06:00:00,\N,26158,855,51,19,13,52,12,14,R,13,16
1114,2023,16,22,2023-09-24,02:30:00,06:00:00,02:30:00,06:00:00,\N,26157,852,213,9,12,52,R,R,15,10,15
1114,2023,16,22,2023-09-24,02:30:00,06:00:00,02:30:00,06:00:00,\N,26165,822,51,16,R,7,R,10,14,12,12
1114,2023,16,22,2023-09-24,02:30:00,06:00:00,02:30:00,06:00:00,\N,26155,842,214,12,10,53,6,15,3,11,R
1114,2023,16,22,2023-09-24,02:30:00,06:00:00,02:30:00,06:00:00,\N,26153,4,117,10,8,53,15,9,2,5,9
1114,2023,16,22,2023-09-24,02:30:00,06:00:00,02:30:00,06:00:00,\N,26152,847,131,8,7,53,16,5,17,6,6
1114,2023,16,22,2023-09-24,02:30:00,06:00:00,02:30:00,06:00:00,\N,26151,832,6,6,6,53,1,3,5,R,8
1114,2023,16,22,2023-09-24,02:30:00,06:00:00,02:30:00,06:00:00,\N,26150,1,131,7,5,53,3,6,6,4,4
1114,2023,16,22,2023-09-24,02:30:00,06:00:00,02:30:00,06:00:00,\N,26149,844,6,4,4,53,4,4,R,3,7
1114,2023,16,22,2023-09-24,02:30:00,06:00:00,02:30:00,06:00:00,\N,26148,857,1,2,3,53,7,12,9,R,5
1114,2023,16,22,2023-09-24,02:30:00,06:00:00,02:30:00,06:00:00,\N,26147,846,1,3,2,53,2,8,7,7,2
1114,2023,16,22,2023-09-24,02:30:00,06:00:00,02:30:00,06:00:00,\N,26146,830,9,1,1,53,5,1,1,1,1
1114,2023,16,22,2023-09-24,02:30:00,06:00:00,02:30:00,06:00:00,\N,26154,839,214,14,9,53,R,R,10,8,R
1115,2023,17,78,2023-10-08,13:30:00,13:00:00,\N,17:00:00,17:30:00,26178,848,3,13,13,57,R,11,7,8,14
1115,2023,17,78,2023-10-08,13:30:00,13:00:00,\N,17:00:00,17:30:00,26179,825,210,18,14,56,15,10,18,16,15
1115,2023,17,78,2023-10-08,13:30:00,13:00:00,\N,17:00:00,17:30:00,26180,852,213,11,15,56,12,R,R,15,10
1115,2023,17,78,2023-10-08,13:30:00,13:00:00,\N,17:00:00,17:30:00,26177,842,214,7,12,57,10,6,15,3,11
1115,2023,17,78,2023-10-08,13:30:00,13:00:00,\N,17:00:00,17:30:00,26183,858,3,15,R,40,R,14,13,R,17
1115,2023,17,78,2023-10-08,13:30:00,13:00:00,\N,17:00:00,17:30:00,26184,1,131,3,R,0,5,3,6,6,4
1115,2023,17,78,2023-10-08,13:30:00,13:00:00,\N,17:00:00,17:30:00,26181,807,210,14,16,56,14,13,17,12,18
1115,2023,17,78,2023-10-08,13:30:00,13:00:00,\N,17:00:00,17:30:00,26176,840,117,16,11,57,R,W,16,11,9
1115,2023,17,78,2023-10-08,13:30:00,13:00:00,\N,17:00:00,17:30:00,26185,832,6,12,W,0,6,1,3,5,R
1115,2023,17,78,2023-10-08,13:30:00,13:00:00,\N,17:00:00,17:30:00,26174,855,51,19,9,57,13,12,14,R,13
1115,2023,17,78,2023-10-08,13:30:00,13:00:00,\N,17:00:00,17:30:00,26166,830,9,1,1,57,1,5,1,1,1
1115,2023,17,78,2023-10-08,13:30:00,13:00:00,\N,17:00:00,17:30:00,26167,857,1,6,2,57,3,7,12,9,R
1115,2023,17,78,2023-10-08,13:30:00,13:00:00,\N,17:00:00,17:30:00,26168,846,1,10,3,57,2,2,8,7,7
1115,2023,17,78,2023-10-08,13:30:00,13:00:00,\N,17:00:00,17:30:00,26169,847,131,2,4,57,7,16,5,17,6
1115,2023,17,78,2023-10-08,13:30:00,13:00:00,\N,17:00:00,17:30:00,26175,815,9,0,10,57,R,8,2,4,2
1115,2023,17,78,2023-10-08,13:30:00,13:00:00,\N,17:00:00,17:30:00,26171,4,117,4,6,57,8,15,9,2,5
1115,2023,17,78,2023-10-08,13:30:00,13:00:00,\N,17:00:00,17:30:00,26172,839,214,8,7,57,9,R,R,10,8
1115,2023,17,78,2023-10-08,13:30:00,13:00:00,\N,17:00:00,17:30:00,26173,822,51,9,8,57,R,R,10,14,12
1115,2023,17,78,2023-10-08,13:30:00,13:00:00,\N,17:00:00,17:30:00,26170,844,6,5,5,57,4,4,4,R,3
1116,2023,18,69,2023-10-22,17:30:00,18:00:00,\N,21:00:00,22:00:00,26204,1,131,3,D,56,R,5,3,6,6
1116,2023,18,69,2023-10-22,17:30:00,18:00:00,\N,21:00:00,22:00:00,26203,839,214,8,R,6,7,9,R,R,10
1116,2023,18,69,2023-10-22,17:30:00,18:00:00,\N,21:00:00,22:00:00,26202,857,1,10,R,10,2,3,7,12,9
1116,2023,18,69,2023-10-22,17:30:00,18:00:00,\N,21:00:00,22:00:00,26201,4,117,0,R,49,6,8,15,9,2
1116,2023,18,69,2023-10-22,17:30:00,18:00:00,\N,21:00:00,22:00:00,26199,825,210,0,14,55,14,15,10,18,16
1116,2023,18,69,2023-10-22,17:30:00,18:00:00,\N,21:00:00,22:00:00,26198,855,51,12,13,55,9,13,12,14,R
1116,2023,18,69,2023-10-22,17:30:00,18:00:00,\N,21:00:00,22:00:00,26197,822,51,13,12,56,8,R,R,10,14
1116,2023,18,69,2023-10-22,17:30:00,18:00:00,\N,21:00:00,22:00:00,26196,807,210,0,11,56,16,14,13,17,12
1116,2023,18,69,2023-10-22,17:30:00,18:00:00,\N,21:00:00,22:00:00,26205,844,6,1,D,56,5,4,4,4,R
1116,2023,18,69,2023-10-22,17:30:00,18:00:00,\N,21:00:00,22:00:00,26194,848,3,15,9,56,13,R,11,7,8
1116,2023,18,69,2023-10-22,17:30:00,18:00:00,\N,21:00:00,22:00:00,26186,830,9,6,1,56,1,1,5,1,1
1116,2023,18,69,2023-10-22,17:30:00,18:00:00,\N,21:00:00,22:00:00,26187,846,1,2,2,56,3,2,2,8,7
1116,2023,18,69,2023-10-22,17:30:00,18:00:00,\N,21:00:00,22:00:00,26188,832,6,4,3,56,W,6,1,3,5
1116,2023,18,69,2023-10-22,17:30:00,18:00:00,\N,21:00:00,22:00:00,26189,815,9,9,4,56,10,R,8,2,4
1116,2023,18,69,2023-10-22,17:30:00,18:00:00,\N,21:00:00,22:00:00,26195,858,3,16,10,56,R,R,14,13,R
1116,2023,18,69,2023-10-22,17:30:00,18:00:00,\N,21:00:00,22:00:00,26191,842,214,7,6,56,12,10,6,15,3
1116,2023,18,69,2023-10-22,17:30:00,18:00:00,\N,21:00:00,22:00:00,26192,840,117,0,7,56,11,R,W,16,11
1116,2023,18,69,2023-10-22,17:30:00,18:00:00,\N,21:00:00,22:00:00,26193,852,213,11,8,56,15,12,R,R,15
1116,2023,18,69,2023-10-22,17:30:00,18:00:00,\N,21:00:00,22:00:00,26190,847,131,5,5,56,4,7,16,5,17
1117,2023,19,32,2023-10-29,18:30:00,22:00:00,17:30:00,21:00:00,\N,26216,842,214,11,11,71,6,12,10,6,15
1117,2023,19,32,2023-10-29,18:30:00,22:00:00,17:30:00,21:00:00,\N,26224,825,210,16,R,31,14,14,15,10,18
1117,2023,19,32,2023-10-29,18:30:00,22:00:00,17:30:00,21:00:00,\N,26223,4,117,13,R,47,R,6,8,15,9
1117,2023,19,32,2023-10-29,18:30:00,22:00:00,17:30:00,21:00:00,\N,26222,840,117,0,17,66,7,11,R,W,16
1117,2023,19,32,2023-10-29,18:30:00,22:00:00,17:30:00,21:00:00,\N,26221,858,3,19,16,70,10,R,R,14,13
1117,2023,19,32,2023-10-29,18:30:00,22:00:00,17:30:00,21:00:00,\N,26220,822,51,9,15,71,12,8,R,R,10
1117,2023,19,32,2023-10-29,18:30:00,22:00:00,17:30:00,21:00:00,\N,26219,855,51,10,14,71,13,9,13,12,14
1117,2023,19,32,2023-10-29,18:30:00,22:00:00,17:30:00,21:00:00,\N,26218,807,210,12,13,71,11,16,14,13,17
1117,2023,19,32,2023-10-29,18:30:00,22:00:00,17:30:00,21:00:00,\N,26217,852,213,18,12,71,8,15,12,R,R
1117,2023,19,32,2023-10-29,18:30:00,22:00:00,17:30:00,21:00:00,\N,26225,815,9,5,R,1,4,10,R,8,2
1117,2023,19,32,2023-10-29,18:30:00,22:00:00,17:30:00,21:00:00,\N,26215,839,214,15,10,71,R,7,9,R,R
1117,2023,19,32,2023-10-29,18:30:00,22:00:00,17:30:00,21:00:00,\N,26213,857,1,7,8,71,R,2,3,7,12
1117,2023,19,32,2023-10-29,18:30:00,22:00:00,17:30:00,21:00:00,\N,26214,848,3,14,9,71,9,13,R,11,7
1117,2023,19,32,2023-10-29,18:30:00,22:00:00,17:30:00,21:00:00,\N,26206,830,9,3,1,71,1,1,1,5,1
1117,2023,19,32,2023-10-29,18:30:00,22:00:00,17:30:00,21:00:00,\N,26207,1,131,6,2,71,D,R,5,3,6
1117,2023,19,32,2023-10-29,18:30:00,22:00:00,17:30:00,21:00:00,\N,26208,844,6,1,3,71,D,5,4,4,4
1117,2023,19,32,2023-10-29,18:30:00,22:00:00,17:30:00,21:00:00,\N,26210,846,1,17,5,71,2,3,2,2,8
1117,2023,19,32,2023-10-29,18:30:00,22:00:00,17:30:00,21:00:00,\N,26211,847,131,8,6,71,5,4,7,16,5
1117,2023,19,32,2023-10-29,18:30:00,22:00:00,17:30:00,21:00:00,\N,26209,832,6,2,4,71,3,W,6,1,3
1118,2023,20,18,2023-11-05,14:30:00,14:30:00,\N,18:00:00,18:30:00,26245,844,6,0,W,0,3,D,5,4,4
1118,2023,20,18,2023-11-05,14:30:00,14:30:00,\N,18:00:00,18:30:00,26236,858,3,19,11,70,16,10,R,R,14
1118,2023,20,18,2023-11-05,14:30:00,14:30:00,\N,18:00:00,18:30:00,26243,825,210,12,R,0,R,14,14,15,10
1118,2023,20,18,2023-11-05,14:30:00,14:30:00,\N,18:00:00,18:30:00,26242,855,51,20,R,22,14,13,9,13,12
1118,2023,20,18,2023-11-05,14:30:00,14:30:00,\N,18:00:00,18:30:00,26241,822,51,18,R,39,15,12,8,R,R
1118,2023,20,18,2023-11-05,14:30:00,14:30:00,\N,18:00:00,18:30:00,26240,847,131,8,R,57,6,5,4,7,16
1118,2023,20,18,2023-11-05,14:30:00,14:30:00,\N,18:00:00,18:30:00,26239,857,1,10,14,69,8,R,2,3,7
1118,2023,20,18,2023-11-05,14:30:00,14:30:00,\N,18:00:00,18:30:00,26237,807,210,11,12,70,13,11,16,14,13
1118,2023,20,18,2023-11-05,14:30:00,14:30:00,\N,18:00:00,18:30:00,26244,848,3,13,R,0,9,9,13,R,11
1118,2023,20,18,2023-11-05,14:30:00,14:30:00,\N,18:00:00,18:30:00,26235,839,214,14,10,70,10,R,7,9,R
1118,2023,20,18,2023-11-05,14:30:00,14:30:00,\N,18:00:00,18:30:00,26233,1,131,5,8,71,2,D,R,5,3
1118,2023,20,18,2023-11-05,14:30:00,14:30:00,\N,18:00:00,18:30:00,26226,830,9,1,1,71,1,1,1,1,5
1118,2023,20,18,2023-11-05,14:30:00,14:30:00,\N,18:00:00,18:30:00,26227,846,1,6,2,71,5,2,3,2,2
1118,2023,20,18,2023-11-05,14:30:00,14:30:00,\N,18:00:00,18:30:00,26228,4,117,4,3,71,R,R,6,8,15
1118,2023,20,18,2023-11-05,14:30:00,14:30:00,\N,18:00:00,18:30:00,26234,852,213,16,9,71,12,8,15,12,R
1118,2023,20,18,2023-11-05,14:30:00,14:30:00,\N,18:00:00,18:30:00,26230,840,117,3,5,71,17,7,11,R,W
1118,2023,20,18,2023-11-05,14:30:00,14:30:00,\N,18:00:00,18:30:00,26231,832,6,7,6,71,4,3,W,6,1
1118,2023,20,18,2023-11-05,14:30:00,14:30:00,\N,18:00:00,18:30:00,26232,842,214,15,7,71,11,6,12,10,6
1118,2023,20,18,2023-11-05,14:30:00,14:30:00,\N,18:00:00,18:30:00,26229,815,9,9,4,71,R,4,10,R,8
1119,2023,21,80,2023-11-19,04:30:00,08:00:00,04:30:00,08:00:00,\N,26257,848,3,5,12,50,R,9,9,13,R
1119,2023,21,80,2023-11-19,04:30:00,08:00:00,04:30:00,08:00:00,\N,26264,807,210,13,19,45,12,13,11,16,14
1119,2023,21,80,2023-11-19,04:30:00,08:00:00,04:30:00,08:00:00,\N,26263,852,213,20,18,46,9,12,8,15,12
1119,2023,21,80,2023-11-19,04:30:00,08:00:00,04:30:00,08:00:00,\N,26262,822,51,7,17,50,R,15,12,8,R
1119,2023,21,80,2023-11-19,04:30:00,08:00:00,04:30:00,08:00:00,\N,26261,858,3,6,16,50,11,16,10,R,R
1119,2023,21,80,2023-11-19,04:30:00,08:00:00,04:30:00,08:00:00,\N,26260,855,51,17,15,50,R,14,13,9,13
1119,2023,21,80,2023-11-19,04:30:00,08:00:00,04:30:00,08:00:00,\N,26259,817,213,14,14,50,13,7,15,16,13
1119,2023,21,80,2023-11-19,04:30:00,08:00:00,04:30:00,08:00:00,\N,26258,825,210,8,13,50,R,R,14,14,15
1119,2023,21,80,2023-11-19,04:30:00,08:00:00,04:30:00,08:00:00,\N,26256,842,214,4,11,50,7,11,6,12,10
1119,2023,21,80,2023-11-19,04:30:00,08:00:00,04:30:00,08:00:00,\N,26265,846,1,15,R,2,2,5,2,3,2
1119,2023,21,80,2023-11-19,04:30:00,08:00:00,04:30:00,08:00:00,\N,26254,4,117,9,9,50,3,R,R,6,8
1119,2023,21,80,2023-11-19,04:30:00,08:00:00,04:30:00,08:00:00,\N,26246,830,9,2,1,50,1,1,1,1,1
1119,2023,21,80,2023-11-19,04:30:00,08:00:00,04:30:00,08:00:00,\N,26247,844,6,1,2,50,W,3,D,5,4
1119,2023,21,80,2023-11-19,04:30:00,08:00:00,04:30:00,08:00:00,\N,26248,815,9,11,3,50,4,R,4,10,R
1119,2023,21,80,2023-11-19,04:30:00,08:00:00,04:30:00,08:00:00,\N,26249,839,214,16,4,50,10,10,R,7,9
1119,2023,21,80,2023-11-19,04:30:00,08:00:00,04:30:00,08:00:00,\N,26255,857,1,18,10,50,14,8,R,2,3
1119,2023,21,80,2023-11-19,04:30:00,08:00:00,04:30:00,08:00:00,\N,26251,832,6,12,6,50,6,4,3,W,6
1119,2023,21,80,2023-11-19,04:30:00,08:00:00,04:30:00,08:00:00,\N,26252,1,131,10,7,50,8,2,D,R,5
1119,2023,21,80,2023-11-19,04:30:00,08:00:00,04:30:00,08:00:00,\N,26253,847,131,3,8,50,R,6,5,4,7
1119,2023,21,80,2023-11-19,04:30:00,08:00:00,04:30:00,08:00:00,\N,26250,840,117,19,5,50,5,17,7,11,R
1120,2023,22,24,2023-11-26,09:30:00,13:00:00,10:30:00,14:00:00,\N,26276,817,213,15,11,58,14,13,7,15,16
1120,2023,22,24,2023-11-26,09:30:00,13:00:00,10:30:00,14:00:00,\N,26284,822,51,18,19,57,17,R,15,12,8
1120,2023,22,24,2023-11-26,09:30:00,13:00:00,10:30:00,14:00:00,\N,26283,832,6,16,18,57,6,6,4,3,W
1120,2023,22,24,2023-11-26,09:30:00,13:00:00,10:30:00,14:00:00,\N,26282,855,51,19,17,58,15,R,14,13,9
1120,2023,22,24,2023-11-26,09:30:00,13:00:00,10:30:00,14:00:00,\N,26281,858,3,20,16,58,16,11,16,10,R
1120,2023,22,24,2023-11-26,09:30:00,13:00:00,10:30:00,14:00:00,\N,26280,807,210,8,15,58,19,12,13,11,16
1120,2023,22,24,2023-11-26,09:30:00,13:00:00,10:30:00,14:00:00,\N,26279,848,3,14,14,58,12,R,9,9,13
1120,2023,22,24,2023-11-26,09:30:00,13:00:00,10:30:00,14:00:00,\N,26278,842,214,10,13,58,11,7,11,6,12
1120,2023,22,24,2023-11-26,09:30:00,13:00:00,10:30:00,14:00:00,\N,26277,839,214,12,12,58,4,10,10,R,7
1120,2023,22,24,2023-11-26,09:30:00,13:00:00,10:30:00,14:00:00,\N,26285,825,210,17,20,57,13,R,R,14,14
1120,2023,22,24,2023-11-26,09:30:00,13:00:00,10:30:00,14:00:00,\N,26275,840,117,13,10,58,5,5,17,7,11
1120,2023,22,24,2023-11-26,09:30:00,13:00:00,10:30:00,14:00:00,\N,26273,852,213,6,8,58,18,9,12,8,15
1120,2023,22,24,2023-11-26,09:30:00,13:00:00,10:30:00,14:00:00,\N,26272,4,117,7,7,58,9,3,R,R,6
1120,2023,22,24,2023-11-26,09:30:00,13:00:00,10:30:00,14:00:00,\N,26271,857,1,3,6,58,10,14,8,R,2
1120,2023,22,24,2023-11-26,09:30:00,13:00:00,10:30:00,14:00:00,\N,26270,846,1,5,5,58,R,2,5,2,3
1120,2023,22,24,2023-11-26,09:30:00,13:00:00,10:30:00,14:00:00,\N,26269,815,9,9,4,58,3,4,R,4,10
1120,2023,22,24,2023-11-26,09:30:00,13:00:00,10:30:00,14:00:00,\N,26268,847,131,4,3,58,8,R,6,5,4
1120,2023,22,24,2023-11-26,09:30:00,13:00:00,10:30:00,14:00:00,\N,26267,844,6,2,2,58,2,W,3,D,5
1120,2023,22,24,2023-11-26,09:30:00,13:00:00,10:30:00,14:00:00,\N,26266,830,9,1,1,58,1,1,1,1,1
1120,2023,22,24,2023-11-26,09:30:00,13:00:00,10:30:00,14:00:00,\N,26274,1,131,11,9,58,7,8,2,D,R
1121,2024,1,3,2024-03-02,11:30:00,15:00:00,12:30:00,16:00:00,\N,26298,817,215,14,13,56,11,14,13,7,15
1121,2024,1,3,2024-03-02,11:30:00,15:00:00,12:30:00,16:00:00,\N,26299,852,215,11,14,56,8,18,9,12,8
1121,2024,1,3,2024-03-02,11:30:00,15:00:00,12:30:00,16:00:00,\N,26300,848,3,13,15,56,14,12,R,9,9
1121,2024,1,3,2024-03-02,11:30:00,15:00:00,12:30:00,16:00:00,\N,26297,825,210,15,12,56,20,13,R,R,14
1121,2024,1,3,2024-03-02,11:30:00,15:00:00,12:30:00,16:00:00,\N,26302,839,214,19,17,56,12,4,10,10,R
1121,2024,1,3,2024-03-02,11:30:00,15:00:00,12:30:00,16:00:00,\N,26303,842,214,20,18,56,13,11,7,11,6
1121,2024,1,3,2024-03-02,11:30:00,15:00:00,12:30:00,16:00:00,\N,26304,822,15,16,19,56,19,17,R,15,12
1121,2024,1,3,2024-03-02,11:30:00,15:00:00,12:30:00,16:00:00,\N,26301,807,210,10,16,56,15,19,12,13,11
1121,2024,1,3,2024-03-02,11:30:00,15:00:00,12:30:00,16:00:00,\N,26296,855,15,17,11,56,17,15,R,14,13
1121,2024,1,3,2024-03-02,11:30:00,15:00:00,12:30:00,16:00:00,\N,26305,858,3,18,20,55,16,16,11,16,10
1121,2024,1,3,2024-03-02,11:30:00,15:00:00,12:30:00,16:00:00,\N,26294,4,117,6,9,57,7,9,3,R,R
1121,2024,1,3,2024-03-02,11:30:00,15:00:00,12:30:00,16:00:00,\N,26286,830,9,1,1,57,1,1,1,1,1
1121,2024,1,3,2024-03-02,11:30:00,15:00:00,12:30:00,16:00:00,\N,26287,815,9,5,2,57,4,3,4,R,4
1121,2024,1,3,2024-03-02,11:30:00,15:00:00,12:30:00,16:00:00,\N,26288,832,6,4,3,57,18,6,6,4,3
1121,2024,1,3,2024-03-02,11:30:00,15:00:00,12:30:00,16:00:00,\N,26289,844,6,2,4,57,2,2,W,3,D
1121,2024,1,3,2024-03-02,11:30:00,15:00:00,12:30:00,16:00:00,\N,26295,840,117,12,10,57,10,5,5,17,7
1121,2024,1,3,2024-03-02,11:30:00,15:00:00,12:30:00,16:00:00,\N,26291,846,1,7,6,57,5,R,2,5,2
1121,2024,1,3,2024-03-02,11:30:00,15:00:00,12:30:00,16:00:00,\N,26292,1,131,9,7,57,9,7,8,2,D
1121,2024,1,3,2024-03-02,11:30:00,15:00:00,12:30:00,16:00:00,\N,26293,857,1,8,8,57,6,10,14,8,R
1121,2024,1,3,2024-03-02,11:30:00,15:00:00,12:30:00,16:00:00,\N,26290,847,131,3,5,57,3,8,R,6,5
1122,2024,2,77,2024-03-09,13:30:00,17:00:00,13:30:00,17:00:00,\N,26317,825,210,13,12,50,12,20,13,R,R
1122,2024,2,77,2024-03-09,13:30:00,17:00:00,13:30:00,17:00:00,\N,26324,840,117,10,R,5,10,10,5,5,17
1122,2024,2,77,2024-03-09,13:30:00,17:00:00,13:30:00,17:00:00,\N,26323,855,15,20,18,49,11,17,15,R,14
1122,2024,2,77,2024-03-09,13:30:00,17:00:00,13:30:00,17:00:00,\N,26322,822,15,16,17,49,19,19,17,R,15
1122,2024,2,77,2024-03-09,13:30:00,17:00:00,13:30:00,17:00:00,\N,26321,817,215,14,16,49,13,11,14,13,7
1122,2024,2,77,2024-03-09,13:30:00,17:00:00,13:30:00,17:00:00,\N,26320,852,215,9,15,49,14,8,18,9,12
1122,2024,2,77,2024-03-09,13:30:00,17:00:00,13:30:00,17:00:00,\N,26319,858,3,19,14,49,20,16,16,11,16
1122,2024,2,77,2024-03-09,13:30:00,17:00:00,13:30:00,17:00:00,\N,26318,839,214,17,13,49,17,12,4,10,10
1122,2024,2,77,2024-03-09,13:30:00,17:00:00,13:30:00,17:00:00,\N,26316,848,3,12,11,50,15,14,12,R,9
1122,2024,2,77,2024-03-09,13:30:00,17:00:00,13:30:00,17:00:00,\N,26325,842,214,18,R,1,18,13,11,7,11
1122,2024,2,77,2024-03-09,13:30:00,17:00:00,13:30:00,17:00:00,\N,26314,1,131,8,9,50,7,9,7,8,2
1122,2024,2,77,2024-03-09,13:30:00,17:00:00,13:30:00,17:00:00,\N,26306,830,9,1,1,50,1,1,1,1,1
1122,2024,2,77,2024-03-09,13:30:00,17:00:00,13:30:00,17:00:00,\N,26307,815,9,3,2,50,2,4,3,4,R
1122,2024,2,77,2024-03-09,13:30:00,17:00:00,13:30:00,17:00:00,\N,26308,844,6,2,3,50,4,2,2,W,3
1122,2024,2,77,2024-03-09,13:30:00,17:00:00,13:30:00,17:00:00,\N,26309,857,1,5,4,50,8,6,10,14,8
1122,2024,2,77,2024-03-09,13:30:00,17:00:00,13:30:00,17:00:00,\N,26315,807,210,15,10,50,16,15,19,12,13
1122,2024,2,77,2024-03-09,13:30:00,17:00:00,13:30:00,17:00:00,\N,26311,847,131,7,6,50,5,3,8,R,6
1122,2024,2,77,2024-03-09,13:30:00,17:00:00,13:30:00,17:00:00,\N,26313,846,1,6,8,50,6,5,R,2,5
1122,2024,2,77,2024-03-09,13:30:00,17:00:00,13:30:00,17:00:00,\N,26310,4,117,4,5,50,9,7,9,3,R
1123,2024,3,1,2024-03-24,01:30:00,05:00:00,01:30:00,05:00:00,\N,26336,848,3,12,11,57,11,15,14,12,R
1123,2024,3,1,2024-03-24,01:30:00,05:00:00,01:30:00,05:00:00,\N,26343,1,131,11,R,15,9,7,9,7,8
1123,2024,3,1,2024-03-24,01:30:00,05:00:00,01:30:00,05:00:00,\N,26342,847,131,7,17,56,6,5,3,8,R
1123,2024,3,1,2024-03-24,01:30:00,05:00:00,01:30:00,05:00:00,\N,26341,839,214,15,16,57,13,17,12,4,10
1123,2024,3,1,2024-03-24,01:30:00,05:00:00,01:30:00,05:00:00,\N,26340,855,15,19,15,57,18,11,17,15,R
1123,2024,3,1,2024-03-24,01:30:00,05:00:00,01:30:00,05:00:00,\N,26339,822,15,13,14,57,17,19,19,17,R
1123,2024,3,1,2024-03-24,01:30:00,05:00:00,01:30:00,05:00:00,\N,26338,842,214,17,13,57,R,18,13,11,7
1123,2024,3,1,2024-03-24,01:30:00,05:00:00,01:30:00,05:00:00,\N,26337,817,215,18,12,57,16,13,11,14,13
1123,2024,3,1,2024-03-24,01:30:00,05:00:00,01:30:00,05:00:00,\N,26344,830,9,1,R,3,1,1,1,1,1
1123,2024,3,1,2024-03-24,01:30:00,05:00:00,01:30:00,05:00:00,\N,26335,825,210,14,10,57,12,12,20,13,R
1123,2024,3,1,2024-03-24,01:30:00,05:00:00,01:30:00,05:00:00,\N,26333,4,117,10,8,58,5,9,7,9,3
1123,2024,3,1,2024-03-24,01:30:00,05:00:00,01:30:00,05:00:00,\N,26332,852,215,8,7,58,15,14,8,18,9
1123,2024,3,1,2024-03-24,01:30:00,05:00:00,01:30:00,05:00:00,\N,26331,840,117,9,6,58,R,10,10,5,5
1123,2024,3,1,2024-03-24,01:30:00,05:00:00,01:30:00,05:00:00,\N,26330,815,9,6,5,58,2,2,4,3,4
1123,2024,3,1,2024-03-24,01:30:00,05:00:00,01:30:00,05:00:00,\N,26329,857,1,5,4,58,4,8,6,10,14
1123,2024,3,1,2024-03-24,01:30:00,05:00:00,01:30:00,05:00:00,\N,26328,846,1,3,3,58,8,6,5,R,2
1123,2024,3,1,2024-03-24,01:30:00,05:00:00,01:30:00,05:00:00,\N,26327,844,6,4,2,58,3,4,2,2,W
1123,2024,3,1,2024-03-24,01:30:00,05:00:00,01:30:00,05:00:00,\N,26326,832,6,2,1,58,3,18,6,6,4
1123,2024,3,1,2024-03-24,01:30:00,05:00:00,01:30:00,05:00:00,\N,26334,807,210,16,9,58,10,16,15,19,12
1124,2024,4,22,2024-04-07,02:30:00,06:00:00,02:30:00,06:00:00,\N,26357,825,210,18,13,52,10,12,12,20,13
1124,2024,4,22,2024-04-07,02:30:00,06:00:00,02:30:00,06:00:00,\N,26358,822,15,13,14,52,14,17,19,19,17
1124,2024,4,22,2024-04-07,02:30:00,06:00:00,02:30:00,06:00:00,\N,26359,839,214,15,15,52,16,13,17,12,4
1124,2024,4,22,2024-04-07,02:30:00,06:00:00,02:30:00,06:00:00,\N,26360,842,214,17,16,52,13,R,18,13,11
1124,2024,4,22,2024-04-07,02:30:00,06:00:00,02:30:00,06:00:00,\N,26364,848,3,14,R,0,11,11,15,14,12
1124,2024,4,22,2024-04-07,02:30:00,06:00:00,02:30:00,06:00:00,\N,26362,855,15,20,R,12,15,18,11,17,15
1124,2024,4,22,2024-04-07,02:30:00,06:00:00,02:30:00,06:00:00,\N,26363,817,215,11,R,0,12,16,13,11,14
1124,2024,4,22,2024-04-07,02:30:00,06:00:00,02:30:00,06:00:00,\N,26356,840,117,16,12,52,6,R,10,10,5
1124,2024,4,22,2024-04-07,02:30:00,06:00:00,02:30:00,06:00:00,\N,26361,858,3,19,17,52,14,20,16,16,11
1124,2024,4,22,2024-04-07,02:30:00,06:00:00,02:30:00,06:00:00,\N,26355,807,210,12,11,52,9,10,16,15,19
1124,2024,4,22,2024-04-07,02:30:00,06:00:00,02:30:00,06:00:00,\N,26354,852,215,10,10,52,7,15,14,8,18
1124,2024,4,22,2024-04-07,02:30:00,06:00:00,02:30:00,06:00:00,\N,26353,1,131,7,9,53,R,9,7,9,7
1124,2024,4,22,2024-04-07,02:30:00,06:00:00,02:30:00,06:00:00,\N,26346,815,9,2,2,53,5,2,2,4,3
1124,2024,4,22,2024-04-07,02:30:00,06:00:00,02:30:00,06:00:00,\N,26347,832,6,4,3,53,1,3,18,6,6
1124,2024,4,22,2024-04-07,02:30:00,06:00:00,02:30:00,06:00:00,\N,26348,844,6,8,4,53,2,3,4,2,2
1124,2024,4,22,2024-04-07,02:30:00,06:00:00,02:30:00,06:00:00,\N,26345,830,9,1,1,53,R,1,1,1,1
1124,2024,4,22,2024-04-07,02:30:00,06:00:00,02:30:00,06:00:00,\N,26350,4,117,5,6,53,8,5,9,7,9
1124,2024,4,22,2024-04-07,02:30:00,06:00:00,02:30:00,06:00:00,\N,26351,847,131,9,7,53,17,6,5,3,8
1124,2024,4,22,2024-04-07,02:30:00,06:00:00,02:30:00,06:00:00,\N,26352,857,1,6,8,53,4,4,8,6,10
1124,2024,4,22,2024-04-07,02:30:00,06:00:00,02:30:00,06:00:00,\N,26349,846,1,3,5,53,3,8,6,5,R
1125,2024,5,17,2024-04-21,03:30:00,07:30:00,\N,07:00:00,03:00:00,26376,848,3,14,12,56,R,11,11,15,14
1125,2024,5,17,2024-04-21,03:30:00,07:30:00,\N,07:00:00,03:00:00,26383,852,215,19,R,26,10,7,15,14,8
1125,2024,5,17,2024-04-21,03:30:00,07:30:00,\N,07:00:00,03:00:00,26382,817,215,12,R,33,R,12,16,13,11
1125,2024,5,17,2024-04-21,03:30:00,07:30:00,\N,07:00:00,03:00:00,26381,858,3,20,17,56,17,14,20,16,16
1125,2024,5,17,2024-04-21,03:30:00,07:30:00,\N,07:00:00,03:00:00,26380,825,210,17,16,56,13,10,12,12,20
1125,2024,5,17,2024-04-21,03:30:00,07:30:00,\N,07:00:00,03:00:00,26379,840,117,11,15,56,12,6,R,10,10
1125,2024,5,17,2024-04-21,03:30:00,07:30:00,\N,07:00:00,03:00:00,26378,855,15,16,14,56,R,15,18,11,17
1125,2024,5,17,2024-04-21,03:30:00,07:30:00,\N,07:00:00,03:00:00,26377,842,214,15,13,56,16,13,R,18,13
1125,2024,5,17,2024-04-21,03:30:00,07:30:00,\N,07:00:00,03:00:00,26375,839,214,13,11,56,15,16,13,17,12
1125,2024,5,17,2024-04-21,03:30:00,07:30:00,\N,07:00:00,03:00:00,26384,822,15,10,R,19,14,14,17,19,19
1125,2024,5,17,2024-04-21,03:30:00,07:30:00,\N,07:00:00,03:00:00,26373,1,131,18,9,56,9,R,9,7,9
1125,2024,5,17,2024-04-21,03:30:00,07:30:00,\N,07:00:00,03:00:00,26365,830,9,1,1,56,1,R,1,1,1
1125,2024,5,17,2024-04-21,03:30:00,07:30:00,\N,07:00:00,03:00:00,26366,846,1,4,2,56,5,3,8,6,5
1125,2024,5,17,2024-04-21,03:30:00,07:30:00,\N,07:00:00,03:00:00,26367,815,9,2,3,56,2,5,2,2,4
1125,2024,5,17,2024-04-21,03:30:00,07:30:00,\N,07:00:00,03:00:00,26368,844,6,6,4,56,4,2,3,4,2
1125,2024,5,17,2024-04-21,03:30:00,07:30:00,\N,07:00:00,03:00:00,26374,807,210,9,10,56,11,9,10,16,15
1125,2024,5,17,2024-04-21,03:30:00,07:30:00,\N,07:00:00,03:00:00,26370,847,131,8,6,56,7,17,6,5,3
1125,2024,5,17,2024-04-21,03:30:00,07:30:00,\N,07:00:00,03:00:00,26371,4,117,3,7,56,6,8,5,9,7
1125,2024,5,17,2024-04-21,03:30:00,07:30:00,\N,07:00:00,03:00:00,26372,857,1,5,8,56,8,4,4,8,6
1125,2024,5,17,2024-04-21,03:30:00,07:30:00,\N,07:00:00,03:00:00,26369,832,6,7,5,56,3,1,3,18,6
1126,2024,6,79,2024-05-05,16:30:00,20:30:00,\N,20:00:00,16:00:00,26395,807,210,9,11,57,10,11,9,10,16
1126,2024,6,79,2024-05-05,16:30:00,20:30:00,\N,20:00:00,16:00:00,26403,825,210,18,19,57,16,13,10,12,12
1126,2024,6,79,2024-05-05,16:30:00,20:30:00,\N,20:00:00,16:00:00,26402,848,3,14,18,57,12,R,11,11,15
1126,2024,6,79,2024-05-05,16:30:00,20:30:00,\N,20:00:00,16:00:00,26401,840,117,11,17,57,15,12,6,R,10
1126,2024,6,79,2024-05-05,16:30:00,20:30:00,\N,20:00:00,16:00:00,26400,822,15,16,16,57,R,14,14,17,19
1126,2024,6,79,2024-05-05,16:30:00,20:30:00,\N,20:00:00,16:00:00,26399,817,215,20,15,57,R,R,12,16,13
1126,2024,6,79,2024-05-05,16:30:00,20:30:00,\N,20:00:00,16:00:00,26398,855,15,19,14,57,14,R,15,18,11
1126,2024,6,79,2024-05-05,16:30:00,20:30:00,\N,20:00:00,16:00:00,26397,857,1,6,13,57,8,8,4,4,8
1126,2024,6,79,2024-05-05,16:30:00,20:30:00,\N,20:00:00,16:00:00,26396,842,214,12,12,57,13,16,13,R,18
1126,2024,6,79,2024-05-05,16:30:00,20:30:00,\N,20:00:00,16:00:00,26404,858,3,17,R,27,17,17,14,20,16
1126,2024,6,79,2024-05-05,16:30:00,20:30:00,\N,20:00:00,16:00:00,26394,839,214,13,10,57,11,15,16,13,17
1126,2024,6,79,2024-05-05,16:30:00,20:30:00,\N,20:00:00,16:00:00,26392,847,131,7,8,57,6,7,17,6,5
1126,2024,6,79,2024-05-05,16:30:00,20:30:00,\N,20:00:00,16:00:00,26391,852,215,10,7,57,R,10,7,15,14
1126,2024,6,79,2024-05-05,16:30:00,20:30:00,\N,20:00:00,16:00:00,26390,1,131,8,6,57,9,9,R,9,7
1126,2024,6,79,2024-05-05,16:30:00,20:30:00,\N,20:00:00,16:00:00,26389,832,6,3,5,57,5,3,1,3,18
1126,2024,6,79,2024-05-05,16:30:00,20:30:00,\N,20:00:00,16:00:00,26388,815,9,4,4,57,3,2,5,2,2
1126,2024,6,79,2024-05-05,16:30:00,20:30:00,\N,20:00:00,16:00:00,26387,844,6,2,3,57,4,4,2,3,4
1126,2024,6,79,2024-05-05,16:30:00,20:30:00,\N,20:00:00,16:00:00,26386,830,9,1,2,57,1,1,R,1,1
1126,2024,6,79,2024-05-05,16:30:00,20:30:00,\N,20:00:00,16:00:00,26385,846,1,5,1,57,2,5,3,8,6
1126,2024,6,79,2024-05-05,16:30:00,20:30:00,\N,20:00:00,16:00:00,26393,4,117,15,9,57,7,6,8,5,9
1127,2024,7,21,2024-05-19,11:30:00,15:00:00,10:30:00,14:00:00,\N,26418,839,214,12,14,62,10,11,15,16,13
1127,2024,7,21,2024-05-19,11:30:00,15:00:00,10:30:00,14:00:00,\N,26419,855,15,17,15,62,14,14,R,15,18
1127,2024,7,21,2024-05-19,11:30:00,15:00:00,10:30:00,14:00:00,\N,26420,842,214,15,16,62,12,13,16,13,R
1127,2024,7,21,2024-05-19,11:30:00,15:00:00,10:30:00,14:00:00,\N,26417,817,215,9,13,62,15,R,R,12,16
1127,2024,7,21,2024-05-19,11:30:00,15:00:00,10:30:00,14:00:00,\N,26422,822,15,16,18,62,16,R,14,14,17
1127,2024,7,21,2024-05-19,11:30:00,15:00:00,10:30:00,14:00:00,\N,26423,4,117,20,19,62,9,7,6,8,5
1127,2024,7,21,2024-05-19,11:30:00,15:00:00,10:30:00,14:00:00,\N,26424,848,3,14,R,51,18,12,R,11,11
1127,2024,7,21,2024-05-19,11:30:00,15:00:00,10:30:00,14:00:00,\N,26421,858,3,19,17,62,R,17,17,14,20
1127,2024,7,21,2024-05-19,11:30:00,15:00:00,10:30:00,14:00:00,\N,26416,825,210,18,12,62,19,16,13,10,12
1127,2024,7,21,2024-05-19,11:30:00,15:00:00,10:30:00,14:00:00,\N,26415,807,210,10,11,62,11,10,11,9,10
1127,2024,7,21,2024-05-19,11:30:00,15:00:00,10:30:00,14:00:00,\N,26414,852,215,7,10,62,7,R,10,7,15
1127,2024,7,21,2024-05-19,11:30:00,15:00:00,10:30:00,14:00:00,\N,26406,846,1,2,2,63,1,2,5,3,8
1127,2024,7,21,2024-05-19,11:30:00,15:00:00,10:30:00,14:00:00,\N,26407,844,6,3,3,63,3,4,4,2,3
1127,2024,7,21,2024-05-19,11:30:00,15:00:00,10:30:00,14:00:00,\N,26408,857,1,5,4,63,13,8,8,4,4
1127,2024,7,21,2024-05-19,11:30:00,15:00:00,10:30:00,14:00:00,\N,26409,832,6,4,5,63,5,5,3,1,3
1127,2024,7,21,2024-05-19,11:30:00,15:00:00,10:30:00,14:00:00,\N,26405,830,9,1,1,63,2,1,1,R,1
1127,2024,7,21,2024-05-19,11:30:00,15:00:00,10:30:00,14:00:00,\N,26411,847,131,6,7,63,8,6,7,17,6
1127,2024,7,21,2024-05-19,11:30:00,15:00:00,10:30:00,14:00:00,\N,26412,815,9,11,8,63,4,3,2,5,2
1127,2024,7,21,2024-05-19,11:30:00,15:00:00,10:30:00,14:00:00,\N,26413,840,117,13,9,63,17,15,12,6,R
1127,2024,7,21,2024-05-19,11:30:00,15:00:00,10:30:00,14:00:00,\N,26410,1,131,8,6,63,6,9,9,R,9
1128,2024,8,6,2024-05-26,11:30:00,15:00:00,10:30:00,14:00:00,\N,26436,817,215,12,12,76,13,15,R,R,12
1128,2024,8,6,2024-05-26,11:30:00,15:00:00,10:30:00,14:00:00,\N,26443,807,210,19,R,0,11,11,10,11,9
1128,2024,8,6,2024-05-26,11:30:00,15:00:00,10:30:00,14:00:00,\N,26442,815,9,16,R,0,8,4,3,2,5
1128,2024,8,6,2024-05-26,11:30:00,15:00:00,10:30:00,14:00:00,\N,26441,839,214,11,R,0,14,10,11,15,16
1128,2024,8,6,2024-05-26,11:30:00,15:00:00,10:30:00,14:00:00,\N,26440,855,15,18,16,76,15,14,14,R,15
1128,2024,8,6,2024-05-26,11:30:00,15:00:00,10:30:00,14:00:00,\N,26439,858,3,15,15,76,17,R,17,17,14
1128,2024,8,6,2024-05-26,11:30:00,15:00:00,10:30:00,14:00:00,\N,26438,840,117,13,14,76,9,17,15,12,6
1128,2024,8,6,2024-05-26,11:30:00,15:00:00,10:30:00,14:00:00,\N,26437,822,15,17,13,76,18,16,R,14,14
1128,2024,8,6,2024-05-26,11:30:00,15:00:00,10:30:00,14:00:00,\N,26435,4,117,14,11,76,19,9,7,6,8
1128,2024,8,6,2024-05-26,11:30:00,15:00:00,10:30:00,14:00:00,\N,26444,825,210,20,R,0,12,19,16,13,10
1128,2024,8,6,2024-05-26,11:30:00,15:00:00,10:30:00,14:00:00,\N,26433,848,3,9,9,77,R,18,12,R,11
1128,2024,8,6,2024-05-26,11:30:00,15:00:00,10:30:00,14:00:00,\N,26425,844,6,1,1,78,3,3,4,4,2
1128,2024,8,6,2024-05-26,11:30:00,15:00:00,10:30:00,14:00:00,\N,26426,857,1,2,2,78,4,13,8,8,4
1128,2024,8,6,2024-05-26,11:30:00,15:00:00,10:30:00,14:00:00,\N,26427,832,6,3,3,78,5,5,5,3,1
1128,2024,8,6,2024-05-26,11:30:00,15:00:00,10:30:00,14:00:00,\N,26428,846,1,4,4,78,2,1,2,5,3
1128,2024,8,6,2024-05-26,11:30:00,15:00:00,10:30:00,14:00:00,\N,26434,842,214,10,10,77,16,12,13,16,13
1128,2024,8,6,2024-05-26,11:30:00,15:00:00,10:30:00,14:00:00,\N,26430,830,9,6,6,78,1,2,1,1,R
1128,2024,8,6,2024-05-26,11:30:00,15:00:00,10:30:00,14:00:00,\N,26431,1,131,7,7,78,6,6,9,9,R
1128,2024,8,6,2024-05-26,11:30:00,15:00:00,10:30:00,14:00:00,\N,26432,852,215,8,8,77,10,7,R,10,7
1128,2024,8,6,2024-05-26,11:30:00,15:00:00,10:30:00,14:00:00,\N,26429,847,131,5,5,78,7,8,6,7,17
1129,2024,9,7,2024-06-09,17:30:00,21:00:00,16:30:00,20:00:00,\N,26455,807,210,17,11,70,R,11,11,10,11
1129,2024,9,7,2024-06-09,17:30:00,21:00:00,16:30:00,20:00:00,\N,26463,844,6,11,R,40,1,3,3,4,4
1129,2024,9,7,2024-06-09,17:30:00,21:00:00,16:30:00,20:00:00,\N,26462,815,9,16,R,51,R,8,4,3,2
1129,2024,9,7,2024-06-09,17:30:00,21:00:00,16:30:00,20:00:00,\N,26461,848,3,10,R,52,9,R,18,12,R
1129,2024,9,7,2024-06-09,17:30:00,21:00:00,16:30:00,20:00:00,\N,26460,832,6,12,R,52,3,5,5,5,3
1129,2024,9,7,2024-06-09,17:30:00,21:00:00,16:30:00,20:00:00,\N,26459,855,15,0,15,69,16,15,14,14,R
1129,2024,9,7,2024-06-09,17:30:00,21:00:00,16:30:00,20:00:00,\N,26458,852,215,8,14,70,8,10,7,R,10
1129,2024,9,7,2024-06-09,17:30:00,21:00:00,16:30:00,20:00:00,\N,26457,822,15,0,13,70,13,18,16,R,14
1129,2024,9,7,2024-06-09,17:30:00,21:00:00,16:30:00,20:00:00,\N,26456,825,210,14,12,70,R,12,19,16,13
1129,2024,9,7,2024-06-09,17:30:00,21:00:00,16:30:00,20:00:00,\N,26464,858,3,13,R,23,15,17,R,17,17
1129,2024,9,7,2024-06-09,17:30:00,21:00:00,16:30:00,20:00:00,\N,26454,839,214,18,10,70,R,14,10,11,15
1129,2024,9,7,2024-06-09,17:30:00,21:00:00,16:30:00,20:00:00,\N,26452,817,215,5,8,70,12,13,15,R,R
1129,2024,9,7,2024-06-09,17:30:00,21:00:00,16:30:00,20:00:00,\N,26451,840,117,9,7,70,14,9,17,15,12
1129,2024,9,7,2024-06-09,17:30:00,21:00:00,16:30:00,20:00:00,\N,26450,4,117,6,6,70,11,19,9,7,6
1129,2024,9,7,2024-06-09,17:30:00,21:00:00,16:30:00,20:00:00,\N,26449,857,1,4,5,70,2,4,13,8,8
1129,2024,9,7,2024-06-09,17:30:00,21:00:00,16:30:00,20:00:00,\N,26448,1,131,7,4,70,7,6,6,9,9
1129,2024,9,7,2024-06-09,17:30:00,21:00:00,16:30:00,20:00:00,\N,26447,847,131,1,3,70,5,7,8,6,7
1129,2024,9,7,2024-06-09,17:30:00,21:00:00,16:30:00,20:00:00,\N,26446,846,1,3,2,70,4,2,1,2,5
1129,2024,9,7,2024-06-09,17:30:00,21:00:00,16:30:00,20:00:00,\N,26445,830,9,2,1,70,6,1,2,1,1
1129,2024,9,7,2024-06-09,17:30:00,21:00:00,16:30:00,20:00:00,\N,26453,842,214,15,9,70,10,16,12,13,16
1130,2024,10,4,2024-06-23,11:30:00,15:00:00,10:30:00,14:00:00,\N,26477,855,15,15,13,65,15,16,15,14,14
1130,2024,10,4,2024-06-23,11:30:00,15:00:00,10:30:00,14:00:00,\N,26478,840,117,14,14,65,7,14,9,17,15
1130,2024,10,4,2024-06-23,11:30:00,15:00:00,10:30:00,14:00:00,\N,26479,817,215,18,15,65,8,12,13,15,R
1130,2024,10,4,2024-06-23,11:30:00,15:00:00,10:30:00,14:00:00,\N,26480,822,15,12,16,65,13,13,18,16,R
1130,2024,10,4,2024-06-23,11:30:00,15:00:00,10:30:00,14:00:00,\N,26484,858,3,19,20,64,R,15,17,R,17
1130,2024,10,4,2024-06-23,11:30:00,15:00:00,10:30:00,14:00:00,\N,26482,848,3,0,18,65,R,9,R,18,12
1130,2024,10,4,2024-06-23,11:30:00,15:00:00,10:30:00,14:00:00,\N,26483,852,215,17,19,65,14,8,10,7,R
1130,2024,10,4,2024-06-23,11:30:00,15:00:00,10:30:00,14:00:00,\N,26476,4,117,10,12,65,6,11,19,9,7
1130,2024,10,4,2024-06-23,11:30:00,15:00:00,10:30:00,14:00:00,\N,26481,825,210,16,17,65,12,R,12,19,16
1130,2024,10,4,2024-06-23,11:30:00,15:00:00,10:30:00,14:00:00,\N,26474,839,214,8,10,66,10,R,14,10,11
1130,2024,10,4,2024-06-23,11:30:00,15:00:00,10:30:00,14:00:00,\N,26471,857,1,9,7,66,5,2,4,13,8
1130,2024,10,4,2024-06-23,11:30:00,15:00:00,10:30:00,14:00:00,\N,26473,842,214,7,9,66,9,10,16,12,13
1130,2024,10,4,2024-06-23,11:30:00,15:00:00,10:30:00,14:00:00,\N,26475,807,210,13,11,66,11,R,11,11,10
1130,2024,10,4,2024-06-23,11:30:00,15:00:00,10:30:00,14:00:00,\N,26466,846,1,1,2,66,2,4,2,1,2
1130,2024,10,4,2024-06-23,11:30:00,15:00:00,10:30:00,14:00:00,\N,26467,1,131,3,3,66,4,7,6,6,9
1130,2024,10,4,2024-06-23,11:30:00,15:00:00,10:30:00,14:00:00,\N,26468,847,131,4,4,66,3,5,7,8,6
1130,2024,10,4,2024-06-23,11:30:00,15:00:00,10:30:00,14:00:00,\N,26465,830,9,2,1,66,1,6,1,2,1
1130,2024,10,4,2024-06-23,11:30:00,15:00:00,10:30:00,14:00:00,\N,26470,832,6,6,6,66,R,3,5,5,5
1130,2024,10,4,2024-06-23,11:30:00,15:00:00,10:30:00,14:00:00,\N,26472,815,9,11,8,66,R,R,8,4,3
1130,2024,10,4,2024-06-23,11:30:00,15:00:00,10:30:00,14:00:00,\N,26469,844,6,5,5,66,R,1,3,3,4
1131,2024,11,70,2024-06-30,10:30:00,14:30:00,\N,14:00:00,10:00:00,26504,846,1,2,20,64,2,2,4,2,1
1131,2024,11,70,2024-06-30,10:30:00,14:30:00,\N,14:00:00,10:00:00,26496,839,214,10,12,71,10,10,R,14,10
1131,2024,11,70,2024-06-30,10:30:00,14:30:00,\N,14:00:00,10:00:00,26503,858,3,19,19,69,20,R,15,17,R
1131,2024,11,70,2024-06-30,10:30:00,14:30:00,\N,14:00:00,10:00:00,26501,855,15,20,17,70,13,15,16,15,14
1131,2024,11,70,2024-06-30,10:30:00,14:30:00,\N,14:00:00,10:00:00,26500,822,15,18,16,70,16,13,13,18,16
1131,2024,11,70,2024-06-30,10:30:00,14:30:00,\N,14:00:00,10:00:00,26499,848,3,16,15,70,18,R,9,R,18
1131,2024,11,70,2024-06-30,10:30:00,14:30:00,\N,14:00:00,10:00:00,26498,852,215,14,14,70,19,14,8,10,7
1131,2024,11,70,2024-06-30,10:30:00,14:30:00,\N,14:00:00,10:00:00,26497,840,117,17,13,70,14,7,14,9,17
1131,2024,11,70,2024-06-30,10:30:00,14:30:00,\N,14:00:00,10:00:00,26495,844,6,6,11,71,5,R,1,3,3
1131,2024,11,70,2024-06-30,10:30:00,14:30:00,\N,14:00:00,10:00:00,26502,4,117,15,18,70,12,6,11,19,9
1131,2024,11,70,2024-06-30,10:30:00,14:30:00,\N,14:00:00,10:00:00,26493,817,215,11,9,71,15,8,12,13,15
1131,2024,11,70,2024-06-30,10:30:00,14:30:00,\N,14:00:00,10:00:00,26492,825,210,12,8,71,17,12,R,12,19
1131,2024,11,70,2024-06-30,10:30:00,14:30:00,\N,14:00:00,10:00:00,26491,815,9,8,7,71,8,R,R,8,4
1131,2024,11,70,2024-06-30,10:30:00,14:30:00,\N,14:00:00,10:00:00,26490,807,210,9,6,71,11,11,R,11,11
1131,2024,11,70,2024-06-30,10:30:00,14:30:00,\N,14:00:00,10:00:00,26489,830,9,1,5,71,1,1,6,1,2
1131,2024,11,70,2024-06-30,10:30:00,14:30:00,\N,14:00:00,10:00:00,26488,1,131,5,4,71,3,4,7,6,6
1131,2024,11,70,2024-06-30,10:30:00,14:30:00,\N,14:00:00,10:00:00,26487,832,6,4,3,71,6,R,3,5,5
1131,2024,11,70,2024-06-30,10:30:00,14:30:00,\N,14:00:00,10:00:00,26486,857,1,7,2,71,7,5,2,4,13
1131,2024,11,70,2024-06-30,10:30:00,14:30:00,\N,14:00:00,10:00:00,26485,847,131,3,1,71,4,3,5,7,8
1131,2024,11,70,2024-06-30,10:30:00,14:30:00,\N,14:00:00,10:00:00,26494,842,214,13,10,71,9,9,10,16,12
1132,2024,12,9,2024-07-07,11:30:00,15:00:00,10:30:00,14:00:00,\N,26517,817,215,15,13,51,9,15,8,12,13
1132,2024,12,9,2024-07-07,11:30:00,15:00:00,10:30:00,14:00:00,\N,26518,844,6,11,14,51,11,5,R,1,3
1132,2024,12,9,2024-07-07,11:30:00,15:00:00,10:30:00,14:00:00,\N,26519,822,15,16,15,51,16,16,13,13,18
1132,2024,12,9,2024-07-07,11:30:00,15:00:00,10:30:00,14:00:00,\N,26524,842,214,19,W,0,10,9,9,10,16
1132,2024,12,9,2024-07-07,11:30:00,15:00:00,10:30:00,14:00:00,\N,26521,815,9,0,17,50,7,8,R,R,8
1132,2024,12,9,2024-07-07,11:30:00,15:00:00,10:30:00,14:00:00,\N,26522,855,15,14,18,50,17,13,15,16,15
1132,2024,12,9,2024-07-07,11:30:00,15:00:00,10:30:00,14:00:00,\N,26523,847,131,1,R,33,1,4,3,5,7
1132,2024,12,9,2024-07-07,11:30:00,15:00:00,10:30:00,14:00:00,\N,26516,825,210,17,12,52,8,17,12,R,12
1132,2024,12,9,2024-07-07,11:30:00,15:00:00,10:30:00,14:00:00,\N,26520,839,214,18,16,50,12,10,10,R,14
1132,2024,12,9,2024-07-07,11:30:00,15:00:00,10:30:00,14:00:00,\N,26515,858,3,12,11,52,19,20,R,15,17
1132,2024,12,9,2024-07-07,11:30:00,15:00:00,10:30:00,14:00:00,\N,26511,840,117,8,7,52,13,14,7,14,9
1132,2024,12,9,2024-07-07,11:30:00,15:00:00,10:30:00,14:00:00,\N,26513,848,3,9,9,52,15,18,R,9,R
1132,2024,12,9,2024-07-07,11:30:00,15:00:00,10:30:00,14:00:00,\N,26512,4,117,10,8,52,18,12,6,11,19
1132,2024,12,9,2024-07-07,11:30:00,15:00:00,10:30:00,14:00:00,\N,26510,807,210,6,6,52,6,11,11,R,11
1132,2024,12,9,2024-07-07,11:30:00,15:00:00,10:30:00,14:00:00,\N,26509,832,6,7,5,52,3,6,R,3,5
1132,2024,12,9,2024-07-07,11:30:00,15:00:00,10:30:00,14:00:00,\N,26508,857,1,5,4,52,2,7,5,2,4
1132,2024,12,9,2024-07-07,11:30:00,15:00:00,10:30:00,14:00:00,\N,26507,846,1,3,3,52,20,2,2,4,2
1132,2024,12,9,2024-07-07,11:30:00,15:00:00,10:30:00,14:00:00,\N,26506,830,9,4,2,52,5,1,1,6,1
1132,2024,12,9,2024-07-07,11:30:00,15:00:00,10:30:00,14:00:00,\N,26505,1,131,2,1,52,4,3,4,7,6
1132,2024,12,9,2024-07-07,11:30:00,15:00:00,10:30:00,14:00:00,\N,26514,852,215,13,10,52,14,19,14,8,10
1133,2024,13,11,2024-07-21,11:30:00,15:00:00,10:30:00,14:00:00,\N,26544,842,214,0,R,33,W,10,9,9,10
1133,2024,13,11,2024-07-21,11:30:00,15:00:00,10:30:00,14:00:00,\N,26537,807,210,11,13,69,6,6,11,11,R
1133,2024,13,11,2024-07-21,11:30:00,15:00:00,10:30:00,14:00:00,\N,26538,848,3,13,14,69,9,15,18,R,9
1133,2024,13,11,2024-07-21,11:30:00,15:00:00,10:30:00,14:00:00,\N,26539,825,210,15,15,69,12,8,17,12,R
1133,2024,13,11,2024-07-21,11:30:00,15:00:00,10:30:00,14:00:00,\N,26536,817,215,9,12,69,13,9,15,8,12
1133,2024,13,11,2024-07-21,11:30:00,15:00:00,10:30:00,14:00:00,\N,26541,858,3,14,17,69,11,19,20,R,15
1133,2024,13,11,2024-07-21,11:30:00,15:00:00,10:30:00,14:00:00,\N,26542,839,214,19,18,69,16,12,10,10,R
1133,2024,13,11,2024-07-21,11:30:00,15:00:00,10:30:00,14:00:00,\N,26543,855,15,18,19,69,18,17,13,15,16
1133,2024,13,11,2024-07-21,11:30:00,15:00:00,10:30:00,14:00:00,\N,26540,822,15,12,16,69,15,16,16,13,13
1133,2024,13,11,2024-07-21,11:30:00,15:00:00,10:30:00,14:00:00,\N,26535,4,117,7,11,70,8,18,12,6,11
1133,2024,13,11,2024-07-21,11:30:00,15:00:00,10:30:00,14:00:00,\N,26530,832,6,4,6,70,5,3,6,R,3
1133,2024,13,11,2024-07-21,11:30:00,15:00:00,10:30:00,14:00:00,\N,26533,852,215,10,9,70,10,14,19,14,8
1133,2024,13,11,2024-07-21,11:30:00,15:00:00,10:30:00,14:00:00,\N,26525,857,1,2,1,70,4,2,7,5,2
1133,2024,13,11,2024-07-21,11:30:00,15:00:00,10:30:00,14:00:00,\N,26526,846,1,1,2,70,3,20,2,2,4
1133,2024,13,11,2024-07-21,11:30:00,15:00:00,10:30:00,14:00:00,\N,26527,1,131,5,3,70,1,4,3,4,7
1133,2024,13,11,2024-07-21,11:30:00,15:00:00,10:30:00,14:00:00,\N,26534,840,117,8,10,70,7,13,14,7,14
1133,2024,13,11,2024-07-21,11:30:00,15:00:00,10:30:00,14:00:00,\N,26529,830,9,3,5,70,2,5,1,1,6
1133,2024,13,11,2024-07-21,11:30:00,15:00:00,10:30:00,14:00:00,\N,26531,815,9,16,7,70,17,7,8,R,R
1133,2024,13,11,2024-07-21,11:30:00,15:00:00,10:30:00,14:00:00,\N,26532,847,131,17,8,70,R,1,4,3,5
1133,2024,13,11,2024-07-21,11:30:00,15:00:00,10:30:00,14:00:00,\N,26528,844,6,6,4,70,14,11,5,R,1
1134,2024,14,13,2024-07-28,11:30:00,15:00:00,10:30:00,14:00:00,\N,26556,848,3,10,12,44,14,9,15,18,R
1134,2024,14,13,2024-07-28,11:30:00,15:00:00,10:30:00,14:00:00,\N,26563,855,15,19,R,5,19,18,17,13,15
1134,2024,14,13,2024-07-28,11:30:00,15:00:00,10:30:00,14:00:00,\N,26562,807,210,16,18,44,13,6,6,11,11
1134,2024,14,13,2024-07-28,11:30:00,15:00:00,10:30:00,14:00:00,\N,26561,858,3,18,17,44,17,11,19,20,R
1134,2024,14,13,2024-07-28,11:30:00,15:00:00,10:30:00,14:00:00,\N,26560,852,215,20,16,44,9,10,14,19,14
1134,2024,14,13,2024-07-28,11:30:00,15:00:00,10:30:00,14:00:00,\N,26559,822,15,14,15,44,16,15,16,16,13
1134,2024,14,13,2024-07-28,11:30:00,15:00:00,10:30:00,14:00:00,\N,26558,825,210,17,14,44,15,12,8,17,12
1134,2024,14,13,2024-07-28,11:30:00,15:00:00,10:30:00,14:00:00,\N,26557,842,214,12,13,44,R,W,10,9,9
1134,2024,14,13,2024-07-28,11:30:00,15:00:00,10:30:00,14:00:00,\N,26555,840,117,15,11,44,10,7,13,14,7
1134,2024,14,13,2024-07-28,11:30:00,15:00:00,10:30:00,14:00:00,\N,26564,847,131,6,D,44,8,R,1,4,3
1134,2024,14,13,2024-07-28,11:30:00,15:00:00,10:30:00,14:00:00,\N,26553,839,214,9,9,44,18,16,12,10,10
1134,2024,14,13,2024-07-28,11:30:00,15:00:00,10:30:00,14:00:00,\N,26545,1,131,3,1,44,3,1,4,3,4
1134,2024,14,13,2024-07-28,11:30:00,15:00:00,10:30:00,14:00:00,\N,26546,857,1,5,2,44,1,4,2,7,5
1134,2024,14,13,2024-07-28,11:30:00,15:00:00,10:30:00,14:00:00,\N,26547,844,6,1,3,44,4,14,11,5,R
1134,2024,14,13,2024-07-28,11:30:00,15:00:00,10:30:00,14:00:00,\N,26548,830,9,11,4,44,5,2,5,1,1
1134,2024,14,13,2024-07-28,11:30:00,15:00:00,10:30:00,14:00:00,\N,26554,817,215,13,10,44,12,13,9,15,8
1134,2024,14,13,2024-07-28,11:30:00,15:00:00,10:30:00,14:00:00,\N,26550,832,6,7,6,44,6,5,3,6,R
1134,2024,14,13,2024-07-28,11:30:00,15:00:00,10:30:00,14:00:00,\N,26551,815,9,2,7,44,7,17,7,8,R
1134,2024,14,13,2024-07-28,11:30:00,15:00:00,10:30:00,14:00:00,\N,26552,4,117,8,8,44,11,8,18,12,6
1134,2024,14,13,2024-07-28,11:30:00,15:00:00,10:30:00,14:00:00,\N,26549,846,1,4,5,44,2,3,20,2,2
1135,2024,15,39,2024-08-25,10:30:00,14:00:00,09:30:00,13:00:00,\N,26575,807,210,12,11,71,18,13,6,6,11
1135,2024,15,39,2024-08-25,10:30:00,14:00:00,09:30:00,13:00:00,\N,26583,822,15,16,19,70,15,16,15,16,16
1135,2024,15,39,2024-08-25,10:30:00,14:00:00,09:30:00,13:00:00,\N,26582,825,210,0,18,71,14,15,12,8,17
1135,2024,15,39,2024-08-25,10:30:00,14:00:00,09:30:00,13:00:00,\N,26581,852,215,11,17,71,16,9,10,14,19
1135,2024,15,39,2024-08-25,10:30:00,14:00:00,09:30:00,13:00:00,\N,26580,858,3,18,16,71,17,17,11,19,20
1135,2024,15,39,2024-08-25,10:30:00,14:00:00,09:30:00,13:00:00,\N,26579,839,214,15,15,71,9,18,16,12,10
1135,2024,15,39,2024-08-25,10:30:00,14:00:00,09:30:00,13:00:00,\N,26578,848,3,19,14,71,12,14,9,15,18
1135,2024,15,39,2024-08-25,10:30:00,14:00:00,09:30:00,13:00:00,\N,26577,840,117,8,13,71,11,10,7,13,14
1135,2024,15,39,2024-08-25,10:30:00,14:00:00,09:30:00,13:00:00,\N,26576,817,215,13,12,71,10,12,13,9,15
1135,2024,15,39,2024-08-25,10:30:00,14:00:00,09:30:00,13:00:00,\N,26584,855,15,17,20,70,R,19,18,17,13
1135,2024,15,39,2024-08-25,10:30:00,14:00:00,09:30:00,13:00:00,\N,26574,4,117,7,10,71,8,11,8,18,12
1135,2024,15,39,2024-08-25,10:30:00,14:00:00,09:30:00,13:00:00,\N,26572,1,131,14,8,72,1,3,1,4,3
1135,2024,15,39,2024-08-25,10:30:00,14:00:00,09:30:00,13:00:00,\N,26571,847,131,4,7,72,D,8,R,1,4
1135,2024,15,39,2024-08-25,10:30:00,14:00:00,09:30:00,13:00:00,\N,26570,815,9,5,6,72,7,7,17,7,8
1135,2024,15,39,2024-08-25,10:30:00,14:00:00,09:30:00,13:00:00,\N,26569,832,6,10,5,72,6,6,5,3,6
1135,2024,15,39,2024-08-25,10:30:00,14:00:00,09:30:00,13:00:00,\N,26568,857,1,3,4,72,2,1,4,2,7
1135,2024,15,39,2024-08-25,10:30:00,14:00:00,09:30:00,13:00:00,\N,26567,844,6,6,3,72,3,4,14,11,5
1135,2024,15,39,2024-08-25,10:30:00,14:00:00,09:30:00,13:00:00,\N,26566,830,9,2,2,72,4,5,2,5,1
1135,2024,15,39,2024-08-25,10:30:00,14:00:00,09:30:00,13:00:00,\N,26565,846,1,1,1,72,5,2,3,20,2
1135,2024,15,39,2024-08-25,10:30:00,14:00:00,09:30:00,13:00:00,\N,26573,842,214,9,9,71,13,R,W,10,9
1136,2024,16,14,2024-09-01,11:30:00,15:00:00,10:30:00,14:00:00,\N,26598,839,214,15,14,52,15,9,18,16,12
1136,2024,16,14,2024-09-01,11:30:00,15:00:00,10:30:00,14:00:00,\N,26599,842,214,14,15,52,9,13,R,W,10
1136,2024,16,14,2024-09-01,11:30:00,15:00:00,10:30:00,14:00:00,\N,26600,822,15,19,16,52,19,15,16,15,16
1136,2024,16,14,2024-09-01,11:30:00,15:00:00,10:30:00,14:00:00,\N,26597,817,215,12,13,53,12,10,12,13,9
1136,2024,16,14,2024-09-01,11:30:00,15:00:00,10:30:00,14:00:00,\N,26602,855,15,20,18,52,20,R,19,18,17
1136,2024,16,14,2024-09-01,11:30:00,15:00:00,10:30:00,14:00:00,\N,26603,840,117,17,19,52,13,11,10,7,13
1136,2024,16,14,2024-09-01,11:30:00,15:00:00,10:30:00,14:00:00,\N,26604,852,215,16,R,7,17,16,9,10,14
1136,2024,16,14,2024-09-01,11:30:00,15:00:00,10:30:00,14:00:00,\N,26601,807,210,10,17,52,11,18,13,6,6
1136,2024,16,14,2024-09-01,11:30:00,15:00:00,10:30:00,14:00:00,\N,26595,4,117,11,11,53,10,8,11,8,18
1136,2024,16,14,2024-09-01,11:30:00,15:00:00,10:30:00,14:00:00,\N,26585,844,6,4,1,53,3,3,4,14,11
1136,2024,16,14,2024-09-01,11:30:00,15:00:00,10:30:00,14:00:00,\N,26593,848,3,9,9,53,14,12,14,9,15
1136,2024,16,14,2024-09-01,11:30:00,15:00:00,10:30:00,14:00:00,\N,26592,815,9,8,8,53,6,7,7,17,7
1136,2024,16,14,2024-09-01,11:30:00,15:00:00,10:30:00,14:00:00,\N,26591,847,131,3,7,53,7,D,8,R,1
1136,2024,16,14,2024-09-01,11:30:00,15:00:00,10:30:00,14:00:00,\N,26590,830,9,7,6,53,2,4,5,2,5
1136,2024,16,14,2024-09-01,11:30:00,15:00:00,10:30:00,14:00:00,\N,26589,1,131,6,5,53,8,1,3,1,4
1136,2024,16,14,2024-09-01,11:30:00,15:00:00,10:30:00,14:00:00,\N,26588,832,6,5,4,53,5,6,6,5,3
1136,2024,16,14,2024-09-01,11:30:00,15:00:00,10:30:00,14:00:00,\N,26587,846,1,1,3,53,1,5,2,3,20
1136,2024,16,14,2024-09-01,11:30:00,15:00:00,10:30:00,14:00:00,\N,26586,857,1,2,2,53,4,2,1,4,2
1136,2024,16,14,2024-09-01,11:30:00,15:00:00,10:30:00,14:00:00,\N,26594,825,210,13,10,53,18,14,15,12,8
1137,2024,17,73,2024-09-15,09:30:00,13:00:00,08:30:00,12:00:00,\N,26617,817,215,14,13,51,13,12,10,12,13
1137,2024,17,73,2024-09-15,09:30:00,13:00:00,08:30:00,12:00:00,\N,26618,855,15,17,14,51,18,20,R,19,18
1137,2024,17,73,2024-09-15,09:30:00,13:00:00,08:30:00,12:00:00,\N,26619,839,214,0,15,50,14,15,9,18,16
1137,2024,17,73,2024-09-15,09:30:00,13:00:00,08:30:00,12:00:00,\N,26624,852,215,11,R,14,R,17,16,9,10
1137,2024,17,73,2024-09-15,09:30:00,13:00:00,08:30:00,12:00:00,\N,26622,832,6,3,18,49,4,5,6,6,5
1137,2024,17,73,2024-09-15,09:30:00,13:00:00,08:30:00,12:00:00,\N,26623,840,117,13,19,45,19,13,11,10,7
1137,2024,17,73,2024-09-15,09:30:00,13:00:00,08:30:00,12:00:00,\N,26616,842,214,18,12,51,15,9,13,R,W
1137,2024,17,73,2024-09-15,09:30:00,13:00:00,08:30:00,12:00:00,\N,26620,822,15,16,16,50,16,19,15,16,15
1137,2024,17,73,2024-09-15,09:30:00,13:00:00,08:30:00,12:00:00,\N,26615,807,210,12,11,51,17,11,18,13,6
1137,2024,17,73,2024-09-15,09:30:00,13:00:00,08:30:00,12:00:00,\N,26621,815,9,4,17,49,8,6,7,7,17
1137,2024,17,73,2024-09-15,09:30:00,13:00:00,08:30:00,12:00:00,\N,26613,1,131,0,9,51,5,8,1,3,1
1137,2024,17,73,2024-09-15,09:30:00,13:00:00,08:30:00,12:00:00,\N,26606,844,6,1,2,51,1,3,3,4,14
1137,2024,17,73,2024-09-15,09:30:00,13:00:00,08:30:00,12:00:00,\N,26607,847,131,5,3,51,7,7,D,8,R
1137,2024,17,73,2024-09-15,09:30:00,13:00:00,08:30:00,12:00:00,\N,26608,846,1,15,4,51,3,1,5,2,3
1137,2024,17,73,2024-09-15,09:30:00,13:00:00,08:30:00,12:00:00,\N,26605,857,1,2,1,51,2,4,2,1,4
1137,2024,17,73,2024-09-15,09:30:00,13:00:00,08:30:00,12:00:00,\N,26610,4,117,7,6,51,11,10,8,11,8
1137,2024,17,73,2024-09-15,09:30:00,13:00:00,08:30:00,12:00:00,\N,26611,848,3,9,7,51,9,14,12,14,9
1137,2024,17,73,2024-09-15,09:30:00,13:00:00,08:30:00,12:00:00,\N,26609,830,9,6,5,51,6,2,4,5,2
1138,2024,18,15,2024-09-22,09:30:00,13:00:00,09:30:00,13:00:00,\N,26644,848,3,11,R,15,7,9,14,12,14
1138,2024,18,15,2024-09-22,09:30:00,13:00:00,09:30:00,13:00:00,\N,26636,852,215,8,12,61,R,R,17,16,9
1138,2024,18,15,2024-09-22,09:30:00,13:00:00,09:30:00,13:00:00,\N,26643,825,210,14,19,57,10,18,14,15,12
1138,2024,18,15,2024-09-22,09:30:00,13:00:00,09:30:00,13:00:00,\N,26642,817,215,16,18,61,13,13,12,10,12
1138,2024,18,15,2024-09-22,09:30:00,13:00:00,09:30:00,13:00:00,\N,26641,842,214,18,17,61,12,15,9,13,R
1138,2024,18,15,2024-09-22,09:30:00,13:00:00,09:30:00,13:00:00,\N,26640,822,15,19,16,61,16,16,19,15,16
1138,2024,18,15,2024-09-22,09:30:00,13:00:00,09:30:00,13:00:00,\N,26639,855,15,20,15,61,14,18,20,R,19
1138,2024,18,15,2024-09-22,09:30:00,13:00:00,09:30:00,13:00:00,\N,26638,840,117,17,14,61,19,19,13,11,10
1138,2024,18,15,2024-09-22,09:30:00,13:00:00,09:30:00,13:00:00,\N,26637,839,214,15,13,61,15,14,15,9,18
1138,2024,18,15,2024-09-22,09:30:00,13:00:00,09:30:00,13:00:00,\N,26631,832,6,10,7,62,18,4,5,6,6
1138,2024,18,15,2024-09-22,09:30:00,13:00:00,09:30:00,13:00:00,\N,26633,807,210,6,9,61,11,17,11,18,13
1138,2024,18,15,2024-09-22,09:30:00,13:00:00,09:30:00,13:00:00,\N,26632,4,117,7,8,61,6,11,10,8,11
1138,2024,18,15,2024-09-22,09:30:00,13:00:00,09:30:00,13:00:00,\N,26630,1,131,3,6,62,9,5,8,1,3
1138,2024,18,15,2024-09-22,09:30:00,13:00:00,09:30:00,13:00:00,\N,26629,844,6,9,5,62,2,1,3,3,4
1138,2024,18,15,2024-09-22,09:30:00,13:00:00,09:30:00,13:00:00,\N,26628,847,131,4,4,62,3,7,7,D,8
1138,2024,18,15,2024-09-22,09:30:00,13:00:00,09:30:00,13:00:00,\N,26627,857,1,5,3,62,1,2,4,2,1
1138,2024,18,15,2024-09-22,09:30:00,13:00:00,09:30:00,13:00:00,\N,26626,830,9,2,2,62,5,6,2,4,5
1138,2024,18,15,2024-09-22,09:30:00,13:00:00,09:30:00,13:00:00,\N,26625,846,1,1,1,62,4,3,1,5,2
1138,2024,18,15,2024-09-22,09:30:00,13:00:00,09:30:00,13:00:00,\N,26634,815,9,13,10,61,17,8,6,7,7
1139,2024,19,69,2024-10-20,17:30:00,21:30:00,\N,22:00:00,18:00:00,26664,1,131,17,R,1,6,9,5,8,1
1139,2024,19,69,2024-10-20,17:30:00,21:30:00,\N,22:00:00,18:00:00,26657,4,117,7,13,55,8,6,11,10,8
1139,2024,19,69,2024-10-20,17:30:00,21:30:00,\N,22:00:00,18:00:00,26658,852,215,10,14,55,12,R,R,17,16
1139,2024,19,69,2024-10-20,17:30:00,21:30:00,\N,22:00:00,18:00:00,26659,840,117,13,15,55,14,19,19,13,11
1139,2024,19,69,2024-10-20,17:30:00,21:30:00,\N,22:00:00,18:00:00,26656,842,214,6,12,56,17,12,15,9,13
1139,2024,19,69,2024-10-20,17:30:00,21:30:00,\N,22:00:00,18:00:00,26661,822,15,16,17,55,16,16,16,19,15
1139,2024,19,69,2024-10-20,17:30:00,21:30:00,\N,22:00:00,18:00:00,26662,839,214,12,18,55,13,15,14,15,9
1139,2024,19,69,2024-10-20,17:30:00,21:30:00,\N,22:00:00,18:00:00,26663,855,15,18,19,55,15,14,18,20,R
1139,2024,19,69,2024-10-20,17:30:00,21:30:00,\N,22:00:00,18:00:00,26660,848,3,14,16,55,R,7,9,14,12
1139,2024,19,69,2024-10-20,17:30:00,21:30:00,\N,22:00:00,18:00:00,26655,825,210,8,11,56,19,10,18,14,15
1139,2024,19,69,2024-10-20,17:30:00,21:30:00,\N,22:00:00,18:00:00,26650,847,131,20,6,56,4,3,7,7,D
1139,2024,19,69,2024-10-20,17:30:00,21:30:00,\N,22:00:00,18:00:00,26653,859,215,19,9,56,17,11,9,11,13
1139,2024,19,69,2024-10-20,17:30:00,21:30:00,\N,22:00:00,18:00:00,26645,844,6,4,1,56,5,2,1,3,3
1139,2024,19,69,2024-10-20,17:30:00,21:30:00,\N,22:00:00,18:00:00,26646,832,6,3,2,56,7,18,4,5,6
1139,2024,19,69,2024-10-20,17:30:00,21:30:00,\N,22:00:00,18:00:00,26647,830,9,2,3,56,2,5,6,2,4
1139,2024,19,69,2024-10-20,17:30:00,21:30:00,\N,22:00:00,18:00:00,26649,857,1,5,5,56,3,1,2,4,2
1139,2024,19,69,2024-10-20,17:30:00,21:30:00,\N,22:00:00,18:00:00,26651,815,9,9,7,56,10,17,8,6,7
1139,2024,19,69,2024-10-20,17:30:00,21:30:00,\N,22:00:00,18:00:00,26652,807,210,11,8,56,9,11,17,11,18
1139,2024,19,69,2024-10-20,17:30:00,21:30:00,\N,22:00:00,18:00:00,26648,846,1,1,4,56,1,4,3,1,5
1140,2024,20,32,2024-10-27,18:30:00,22:00:00,17:30:00,21:00:00,\N,26677,839,214,0,13,70,18,13,15,14,15
1140,2024,20,32,2024-10-27,18:30:00,22:00:00,17:30:00,21:00:00,\N,26684,852,215,11,R,0,14,12,R,R,17
1140,2024,20,32,2024-10-27,18:30:00,22:00:00,17:30:00,21:00:00,\N,26683,848,3,9,R,0,16,R,7,9,14
1140,2024,20,32,2024-10-27,18:30:00,22:00:00,17:30:00,21:00:00,\N,26682,4,117,13,R,15,13,8,6,11,10
1140,2024,20,32,2024-10-27,18:30:00,22:00:00,17:30:00,21:00:00,\N,26681,815,9,18,17,70,7,10,17,8,6
1140,2024,20,32,2024-10-27,18:30:00,22:00:00,17:30:00,21:00:00,\N,26680,859,215,12,16,70,9,17,11,9,11
1140,2024,20,32,2024-10-27,18:30:00,22:00:00,17:30:00,21:00:00,\N,26679,855,15,19,15,70,19,15,14,18,20
1140,2024,20,32,2024-10-27,18:30:00,22:00:00,17:30:00,21:00:00,\N,26678,822,15,15,14,70,17,16,16,16,19
1140,2024,20,32,2024-10-27,18:30:00,22:00:00,17:30:00,21:00:00,\N,26675,840,117,14,11,70,15,14,19,19,13
1140,2024,20,32,2024-10-27,18:30:00,22:00:00,17:30:00,21:00:00,\N,26665,832,6,1,1,71,2,7,18,4,5
1140,2024,20,32,2024-10-27,18:30:00,22:00:00,17:30:00,21:00:00,\N,26673,807,210,10,9,70,8,9,11,17,11
1140,2024,20,32,2024-10-27,18:30:00,22:00:00,17:30:00,21:00:00,\N,26672,857,1,17,8,71,5,3,1,2,4
1140,2024,20,32,2024-10-27,18:30:00,22:00:00,17:30:00,21:00:00,\N,26671,825,210,7,7,71,11,19,10,18,14
1140,2024,20,32,2024-10-27,18:30:00,22:00:00,17:30:00,21:00:00,\N,26670,830,9,2,6,71,3,2,5,6,2
1140,2024,20,32,2024-10-27,18:30:00,22:00:00,17:30:00,21:00:00,\N,26669,847,131,5,5,71,6,4,3,7,7
1140,2024,20,32,2024-10-27,18:30:00,22:00:00,17:30:00,21:00:00,\N,26668,1,131,6,4,71,R,6,9,5,8
1140,2024,20,32,2024-10-27,18:30:00,22:00:00,17:30:00,21:00:00,\N,26667,844,6,4,3,71,1,5,2,1,3
1140,2024,20,32,2024-10-27,18:30:00,22:00:00,17:30:00,21:00:00,\N,26666,846,1,3,2,71,4,1,4,3,1
1140,2024,20,32,2024-10-27,18:30:00,22:00:00,17:30:00,21:00:00,\N,26674,842,214,8,10,70,12,17,12,15,9
1141,2024,21,18,2024-11-03,14:30:00,18:30:00,\N,18:00:00,14:00:00,26697,822,15,11,13,69,14,17,16,16,16
1141,2024,21,18,2024-11-03,14:30:00,18:30:00,\N,18:00:00,14:00:00,26698,4,117,9,14,69,R,13,8,6,11
1141,2024,21,18,2024-11-03,14:30:00,18:30:00,\N,18:00:00,14:00:00,26699,855,15,19,15,69,15,19,15,14,18
1141,2024,21,18,2024-11-03,14:30:00,18:30:00,\N,18:00:00,14:00:00,26700,832,6,0,R,38,1,2,7,18,4
1141,2024,21,18,2024-11-03,14:30:00,18:30:00,\N,18:00:00,14:00:00,26702,848,3,7,W,0,R,16,R,7,9
1141,2024,21,18,2024-11-03,14:30:00,18:30:00,\N,18:00:00,14:00:00,26703,840,117,10,W,0,11,15,14,19,19
1141,2024,21,18,2024-11-03,14:30:00,18:30:00,\N,18:00:00,14:00:00,26704,807,210,17,D,0,9,8,9,11,17
1141,2024,21,18,2024-11-03,14:30:00,18:30:00,\N,18:00:00,14:00:00,26701,861,3,16,R,30,12,10,11,8,12
1141,2024,21,18,2024-11-03,14:30:00,18:30:00,\N,18:00:00,14:00:00,26695,815,9,12,11,69,17,7,10,17,8
1141,2024,21,18,2024-11-03,14:30:00,18:30:00,\N,18:00:00,14:00:00,26685,830,9,17,1,69,6,3,2,5,6
1141,2024,21,18,2024-11-03,14:30:00,18:30:00,\N,18:00:00,14:00:00,26693,859,215,5,9,69,16,9,17,11,9
1141,2024,21,18,2024-11-03,14:30:00,18:30:00,\N,18:00:00,14:00:00,26692,857,1,8,8,69,8,5,3,1,2
1141,2024,21,18,2024-11-03,14:30:00,18:30:00,\N,18:00:00,14:00:00,26691,852,215,3,7,69,R,14,12,R,R
1141,2024,21,18,2024-11-03,14:30:00,18:30:00,\N,18:00:00,14:00:00,26690,846,1,1,6,69,2,4,1,4,3
1141,2024,21,18,2024-11-03,14:30:00,18:30:00,\N,18:00:00,14:00:00,26689,844,6,6,5,69,3,1,5,2,1
1141,2024,21,18,2024-11-03,14:30:00,18:30:00,\N,18:00:00,14:00:00,26688,847,131,2,4,69,5,6,4,3,7
1141,2024,21,18,2024-11-03,14:30:00,18:30:00,\N,18:00:00,14:00:00,26687,842,214,13,3,69,10,12,17,12,15
1141,2024,21,18,2024-11-03,14:30:00,18:30:00,\N,18:00:00,14:00:00,26686,839,214,4,2,69,13,18,13,15,14
1141,2024,21,18,2024-11-03,14:30:00,18:30:00,\N,18:00:00,14:00:00,26694,1,131,14,10,69,4,R,6,9,5
1142,2024,22,80,2024-11-23,02:30:00,06:00:00,02:30:00,06:00:00,\N,26717,855,15,13,13,50,15,15,19,15,14
1142,2024,22,80,2024-11-23,02:30:00,06:00:00,02:30:00,06:00:00,\N,26718,861,3,0,14,50,R,12,10,11,8
1142,2024,22,80,2024-11-23,02:30:00,06:00:00,02:30:00,06:00:00,\N,26724,842,214,3,R,15,3,10,12,17,12
1142,2024,22,80,2024-11-23,02:30:00,06:00:00,02:30:00,06:00:00,\N,26719,840,117,18,15,50,W,11,15,14,19
1142,2024,22,80,2024-11-23,02:30:00,06:00:00,02:30:00,06:00:00,\N,26723,848,3,17,R,25,W,R,16,R,7
1142,2024,22,80,2024-11-23,02:30:00,06:00:00,02:30:00,06:00:00,\N,26721,839,214,11,17,49,2,13,18,13,15
1142,2024,22,80,2024-11-23,02:30:00,06:00:00,02:30:00,06:00:00,\N,26722,822,15,19,18,49,13,14,17,16,16
1142,2024,22,80,2024-11-23,02:30:00,06:00:00,02:30:00,06:00:00,\N,26716,825,210,12,12,50,7,11,19,10,18
1142,2024,22,80,2024-11-23,02:30:00,06:00:00,02:30:00,06:00:00,\N,26720,859,215,14,16,50,9,16,9,17,11
1142,2024,22,80,2024-11-23,02:30:00,06:00:00,02:30:00,06:00:00,\N,26715,4,117,16,11,50,14,R,13,8,6
1142,2024,22,80,2024-11-23,02:30:00,06:00:00,02:30:00,06:00:00,\N,26710,846,1,6,6,50,6,2,4,1,4
1142,2024,22,80,2024-11-23,02:30:00,06:00:00,02:30:00,06:00:00,\N,26713,852,215,7,9,50,7,R,14,12,R
1142,2024,22,80,2024-11-23,02:30:00,06:00:00,02:30:00,06:00:00,\N,26712,807,210,9,8,50,D,9,8,9,11
1142,2024,22,80,2024-11-23,02:30:00,06:00:00,02:30:00,06:00:00,\N,26711,857,1,8,7,50,8,8,5,3,1
1142,2024,22,80,2024-11-23,02:30:00,06:00:00,02:30:00,06:00:00,\N,26709,830,9,5,5,50,1,6,3,2,5
1142,2024,22,80,2024-11-23,02:30:00,06:00:00,02:30:00,06:00:00,\N,26708,844,6,4,4,50,5,3,1,5,2
1142,2024,22,80,2024-11-23,02:30:00,06:00:00,02:30:00,06:00:00,\N,26707,832,6,2,3,50,R,1,2,7,18
1142,2024,22,80,2024-11-23,02:30:00,06:00:00,02:30:00,06:00:00,\N,26706,1,131,10,2,50,10,4,R,6,9
1142,2024,22,80,2024-11-23,02:30:00,06:00:00,02:30:00,06:00:00,\N,26705,847,131,1,1,50,4,5,6,4,3
1142,2024,22,80,2024-11-23,02:30:00,06:00:00,02:30:00,06:00:00,\N,26714,815,9,15,10,50,11,17,7,10,17
1143,2024,23,78,2024-12-01,13:30:00,17:30:00,\N,17:00:00,13:00:00,26737,852,215,14,13,57,9,7,R,14,12
1143,2024,23,78,2024-12-01,13:30:00,17:30:00,\N,17:00:00,13:00:00,26738,859,215,17,14,57,16,9,16,9,17
1143,2024,23,78,2024-12-01,13:30:00,17:30:00,\N,17:00:00,13:00:00,26739,848,3,16,15,56,R,W,R,16,R
1143,2024,23,78,2024-12-01,13:30:00,17:30:00,\N,17:00:00,13:00:00,26744,839,214,20,R,0,17,2,13,18,13
1143,2024,23,78,2024-12-01,13:30:00,17:30:00,\N,17:00:00,13:00:00,26742,840,117,15,R,8,15,W,11,15,14
1143,2024,23,78,2024-12-01,13:30:00,17:30:00,\N,17:00:00,13:00:00,26743,861,3,19,R,0,14,R,12,10,11
1143,2024,23,78,2024-12-01,13:30:00,17:30:00,\N,17:00:00,13:00:00,26736,1,131,6,12,57,2,10,4,R,6
1143,2024,23,78,2024-12-01,13:30:00,17:30:00,\N,17:00:00,13:00:00,26741,815,9,9,R,38,10,11,17,7,10
1143,2024,23,78,2024-12-01,13:30:00,17:30:00,\N,17:00:00,13:00:00,26735,822,15,13,11,57,18,13,14,17,16
1143,2024,23,78,2024-12-01,13:30:00,17:30:00,\N,17:00:00,13:00:00,26740,807,210,18,R,39,8,D,9,8,9
1143,2024,23,78,2024-12-01,13:30:00,17:30:00,\N,17:00:00,13:00:00,26733,825,210,10,9,57,12,7,11,19,10
1143,2024,23,78,2024-12-01,13:30:00,17:30:00,\N,17:00:00,13:00:00,26732,855,15,12,8,57,13,15,15,19,15
1143,2024,23,78,2024-12-01,13:30:00,17:30:00,\N,17:00:00,13:00:00,26731,4,117,8,7,57,11,14,R,13,8
1143,2024,23,78,2024-12-01,13:30:00,17:30:00,\N,17:00:00,13:00:00,26730,832,6,7,6,57,3,R,1,2,7
1143,2024,23,78,2024-12-01,13:30:00,17:30:00,\N,17:00:00,13:00:00,26729,842,214,11,5,57,R,3,10,12,17
1143,2024,23,78,2024-12-01,13:30:00,17:30:00,\N,17:00:00,13:00:00,26728,847,131,1,4,57,1,4,5,6,4
1143,2024,23,78,2024-12-01,13:30:00,17:30:00,\N,17:00:00,13:00:00,26727,857,1,4,3,57,7,8,8,5,3
1143,2024,23,78,2024-12-01,13:30:00,17:30:00,\N,17:00:00,13:00:00,26726,844,6,5,2,57,4,5,3,1,5
1143,2024,23,78,2024-12-01,13:30:00,17:30:00,\N,17:00:00,13:00:00,26725,830,9,2,1,57,5,1,6,3,2
1143,2024,23,78,2024-12-01,13:30:00,17:30:00,\N,17:00:00,13:00:00,26734,846,1,3,10,57,6,6,2,4,1
1144,2024,24,24,2024-12-08,09:30:00,13:00:00,10:30:00,14:00:00,\N,26756,852,215,11,12,57,13,9,7,R,14
1144,2024,24,24,2024-12-08,09:30:00,13:00:00,10:30:00,14:00:00,\N,26757,855,15,15,13,57,8,13,15,15,19
1144,2024,24,24,2024-12-08,09:30:00,13:00:00,10:30:00,14:00:00,\N,26758,840,117,13,14,57,R,15,W,11,15
1144,2024,24,24,2024-12-08,09:30:00,13:00:00,10:30:00,14:00:00,\N,26762,822,15,9,R,30,11,18,13,14,17
1144,2024,24,24,2024-12-08,09:30:00,13:00:00,10:30:00,14:00:00,\N,26760,825,210,14,16,57,9,12,7,11,19
1144,2024,24,24,2024-12-08,09:30:00,13:00:00,10:30:00,14:00:00,\N,26761,859,215,12,17,55,14,16,9,16,9
1144,2024,24,24,2024-12-08,09:30:00,13:00:00,10:30:00,14:00:00,\N,26755,848,3,18,11,57,15,R,W,R,16
1144,2024,24,24,2024-12-08,09:30:00,13:00:00,10:30:00,14:00:00,\N,26754,857,1,2,10,58,3,7,8,8,5
1144,2024,24,24,2024-12-08,09:30:00,13:00:00,10:30:00,14:00:00,\N,26749,847,131,6,5,58,4,1,4,5,6
1144,2024,24,24,2024-12-08,09:30:00,13:00:00,10:30:00,14:00:00,\N,26752,807,210,7,8,58,R,8,D,9,8
1144,2024,24,24,2024-12-08,09:30:00,13:00:00,10:30:00,14:00:00,\N,26751,842,214,5,7,58,5,R,3,10,12
1144,2024,24,24,2024-12-08,09:30:00,13:00:00,10:30:00,14:00:00,\N,26750,830,9,4,6,58,1,5,1,6,3
1144,2024,24,24,2024-12-08,09:30:00,13:00:00,10:30:00,14:00:00,\N,26748,1,131,16,4,58,12,2,10,4,R
1144,2024,24,24,2024-12-08,09:30:00,13:00:00,10:30:00,14:00:00,\N,26747,844,6,19,3,58,2,4,5,3,1
1144,2024,24,24,2024-12-08,09:30:00,13:00:00,10:30:00,14:00:00,\N,26746,832,6,3,2,58,6,3,R,1,2
1144,2024,24,24,2024-12-08,09:30:00,13:00:00,10:30:00,14:00:00,\N,26745,846,1,1,1,58,10,6,6,2,4
1144,2024,24,24,2024-12-08,09:30:00,13:00:00,10:30:00,14:00:00,\N,26763,861,3,20,R,26,R,14,R,12,10
1144,2024,24,24,2024-12-08,09:30:00,13:00:00,10:30:00,14:00:00,\N,26753,4,117,8,9,58,7,11,14,R,13
1144,2024,24,24,2024-12-08,09:30:00,13:00:00,10:30:00,14:00:00,\N,26764,815,9,10,R,0,R,10,11,17,7
