grid,positionText,current_points,current_wins,last_1,last_2,last_3,last_4,last_5,last_6,last_7,last_8,last_9,last_10,rolling_avg_pos_move_10,propensity_1,propensity_0
1,1,43.0,1,0,,,,,,,,,,,0.0,1.0
6,0,25.0,0,0,,,,,,,,,,,0.0,1.0
17,0,2.0,0,0,,,,,,,,,,,0.0,1.0
11,0,8.0,0,0,,,,,,,,,,,0.0,1.0
16,0,22.0,0,0,,,,,,,,,,,0.0,1.0
7,0,2.0,0,0,,,,,,,,,,,0.0,1.0
4,0,23.0,0,0,,,,,,,,,,,0.0,1.0
8,0,8.0,0,0,,,,,,,,,,,0.0,1.0
3,0,43.0,0,0,,,,,,,,,,,0.0,1.0
2,0,0.0,1,1,,,,,,,,,,,1.0,0.0
4,0,0.0,0,0,0,,,,,,,,,,0.0,1.0
5,0,38.0,0,0,0,,,,,,,,,,0.0,1.0
8,0,25.0,0,0,0,,,,,,,,,,0.0,1.0
14,0,2.0,0,0,0,,,,,,,,,,0.0,1.0
3,1,0.0,2,0,1,,,,,,,,,,0.5,0.5
2,0,68.0,1,1,0,,,,,,,,,,0.5,0.5
11,0,10.0,0,0,0,,,,,,,,,,0.0,1.0
7,0,3.0,0,0,0,,,,,,,,,,0.0,1.0
10,0,0.0,0,0,0,,,,,,,,,,0.0,1.0
1,0,61.0,0,0,0,,,,,,,,,,0.0,1.0
18,0,16.0,0,0,0,,,,,,,,,,0.0,1.0
9,0,0.0,0,0,0,,,,,,,,,,0.0,1.0
14,0,22.0,0,0,0,0,,,,,,,,,0.0,1.0
6,0,35.0,0,0,0,0,,,,,,,,,0.0,1.0
20,0,0.0,0,0,0,0,,,,,,,,,0.0,1.0
10,0,2.0,0,0,0,0,,,,,,,,,0.0,1.0
7,0,49.0,0,0,0,0,,,,,,,,,0.0,1.0
8,0,9.0,0,0,0,0,,,,,,,,,0.0,1.0
1,0,0.0,2,1,0,1,,,,,,,,,0.6666666666666666,0.3333333333333333
2,0,63.0,0,0,0,0,,,,,,,,,0.0,1.0
12,0,11.0,0,0,0,0,,,,,,,,,0.0,1.0
18,0,22.0,0,0,0,0,,,,,,,,,0.0,1.0
13,0,0.0,0,0,0,0,,,,,,,,,0.0,1.0
9,0,18.0,0,0,0,0,,,,,,,,,0.0,1.0
3,1,73.0,1,0,0,0,,,,,,,,,0.0,1.0
17,0,4.0,0,0,,,,,,,,,,,0.0,1.0
4,0,86.0,1,0,1,0,,,,,,,,,0.3333333333333333,0.6666666666666666
2,0,0.0,2,0,1,0,1,,,,,,,,0.5,0.5
19,0,17.0,0,0,0,0,0,,,,,,,,0.0,1.0
18,0,4.0,0,0,0,0,0,,,,,,,,0.0,1.0
16,0,37.0,0,0,0,0,0,,,,,,,,0.0,1.0
9,0,35.0,0,0,0,0,0,,,,,,,,0.0,1.0
13,0,19.0,0,0,0,0,0,,,,,,,,0.0,1.0
7,0,0.0,0,0,0,0,0,,,,,,,,0.0,1.0
10,0,4.0,0,0,0,0,0,,,,,,,,0.0,1.0
6,0,0.0,0,0,0,0,0,,,,,,,,0.0,1.0
15,0,5.0,0,0,0,,,,,,,,,,0.0,1.0
17,0,0.0,0,0,0,0,0,,,,,,,,0.0,1.0
14,0,0.0,0,0,0,0,0,,,,,,,,0.0,1.0
12,0,34.0,0,0,0,0,0,,,,,,,,0.0,1.0
8,0,18.0,0,0,0,0,0,,,,,,,,0.0,1.0
11,0,0.0,0,0,0,0,0,,,,,,,,0.0,1.0
1,1,104.0,2,0,0,1,0,,,,,,,,0.25,0.75
7,0,20.0,0,0,0,0,0,0,,,,,,,0.0,1.0
16,0,0.0,0,0,0,0,0,0,,,,,,,0.0,1.0
8,0,0.0,0,0,0,0,0,0,,,,,,,0.0,1.0
17,0,5.0,0,0,0,0,0,0,,,,,,,0.0,1.0
9,0,25.0,0,0,0,0,0,0,,,,,,,0.0,1.0
1,0,75.0,0,0,0,0,0,0,,,,,,,0.0,1.0
2,1,4.0,3,0,0,1,0,1,,,,,,,0.4,0.6
5,0,0.0,0,0,0,0,0,0,,,,,,,0.0,1.0
15,0,4.0,0,0,0,0,0,0,,,,,,,0.0,1.0
4,0,67.0,0,0,0,0,0,0,,,,,,,0.0,1.0
14,0,45.0,0,0,0,0,0,0,,,,,,,0.0,1.0
11,0,0.0,0,0,0,0,0,0,,,,,,,0.0,1.0
6,0,34.0,0,0,0,0,0,0,,,,,,,0.0,1.0
3,0,104.0,1,0,1,0,0,0,,,,,,,0.25,0.75
13,0,129.0,2,1,0,0,1,0,,,,,,,0.4,0.6
19,0,67.0,0,0,0,0,0,0,0,,,,,,0.0,1.0
9,0,4.0,0,0,0,0,0,0,0,,,,,,0.0,1.0
10,0,27.0,0,0,0,0,0,0,0,,,,,,0.0,1.0
2,0,0.0,3,1,0,0,1,0,1,,,,,,0.5,0.5
12,0,0.0,0,0,0,0,0,0,,,,,,,0.0,1.0
1,1,141.0,3,0,1,0,0,1,0,,,,,,0.3333333333333333,0.6666666666666666
8,0,20.0,0,0,0,0,0,0,0,,,,,,0.0,1.0
3,0,129.0,1,0,0,1,0,0,0,,,,,,0.2,0.8
18,0,0.0,0,0,0,0,0,0,0,,,,,,0.0,1.0
4,0,93.0,0,0,0,0,0,0,0,,,,,,0.0,1.0
17,0,5.0,0,0,0,0,0,0,0,,,,,,0.0,1.0
6,0,2.0,0,0,0,0,0,0,0,,,,,,0.0,1.0
14,0,0.0,0,0,0,0,0,0,0,,,,,,0.0,1.0
20,0,10.0,0,0,0,0,0,,,,,,,,0.0,1.0
15,0,0.0,0,0,0,0,0,0,0,,,,,,0.0,1.0
16,0,0.0,0,0,0,0,0,0,0,,,,,,0.0,1.0
10,1,17.0,1,0,0,0,0,0,0,0,,,,,0.0,1.0
19,0,0.0,0,0,0,0,0,0,0,,,,,,0.0,1.0
14,0,10.0,0,0,0,0,0,0,,,,,,,0.0,1.0
3,0,111.0,0,0,0,0,0,0,0,0,,,,,0.0,1.0
2,0,139.0,1,0,0,0,1,0,0,0,,,,,0.16666666666666666,0.8333333333333334
4,0,0.0,3,0,1,0,0,1,0,1,,,,,0.42857142857142855,0.5714285714285714
8,0,11.0,0,0,0,0,0,0,0,0,,,,,0.0,1.0
17,0,92.0,0,0,0,0,0,0,0,0,,,,,0.0,1.0
16,0,0.0,0,0,0,0,0,0,0,0,,,,,0.0,1.0
7,0,4.0,0,0,0,0,0,0,0,0,,,,,0.0,1.0
15,0,44.0,0,0,0,0,0,0,0,0,,,,,0.0,1.0
18,0,0.0,0,0,0,0,0,0,0,0,,,,,0.0,1.0
1,0,153.0,3,1,0,1,0,0,1,0,,,,,0.42857142857142855,0.5714285714285714
12,0,2.0,0,0,0,0,0,0,0,0,,,,,0.0,1.0
16,0,0.0,0,0,0,0,0,0,0,0,0,,,,0.0,1.0
7,0,22.0,0,0,0,0,0,0,0,0,0,,,,0.0,1.0
8,0,171.0,3,0,1,0,1,0,0,1,0,,,,0.375,0.625
1,1,151.0,2,0,0,0,0,1,0,0,0,,,,0.14285714285714285,0.8571428571428571
3,0,136.0,0,0,0,0,0,0,0,0,0,,,,0.0,1.0
2,0,0.0,3,0,0,1,0,0,1,0,1,,,,0.375,0.625
4,0,18.0,1,1,0,0,0,0,0,0,0,,,,0.16666666666666666,0.8333333333333334
18,0,11.0,0,0,0,0,0,0,0,0,0,,,,0.0,1.0
9,0,4.0,0,0,0,0,0,0,0,0,0,,,,0.0,1.0
6,0,0.0,0,0,0,0,0,0,0,0,0,,,,0.0,1.0
14,0,29.0,0,0,0,0,0,0,0,0,0,,,,0.0,1.0
17,0,45.0,0,0,0,0,0,0,0,0,0,,,,0.0,1.0
19,0,107.0,0,0,0,0,0,0,0,0,0,,,,0.0,1.0
11,0,39.0,0,0,0,0,0,0,0,0,0,,,,0.0,1.0
20,0,18.0,0,0,0,0,0,0,0,,,,,,0.0,1.0
13,0,0.0,0,0,0,0,0,0,0,0,0,,,,0.0,1.0
19,0,18.0,1,0,1,0,0,0,0,0,0,0,,,0.14285714285714285,0.8571428571428571
10,0,0.0,0,0,0,0,0,0,0,0,0,0,,,0.0,1.0
8,0,0.0,0,0,0,0,0,0,0,0,0,0,,,0.0,1.0
7,0,4.0,0,0,0,0,0,0,0,0,0,0,,,0.0,1.0
4,0,98.0,0,0,0,0,0,0,0,0,0,0,,,0.0,1.0
17,0,18.0,0,0,0,0,0,0,0,0,,,,,0.0,1.0
5,0,43.0,0,0,0,0,0,0,0,0,0,0,,,0.0,1.0
12,0,29.0,0,0,0,0,0,0,0,0,0,0,,,0.0,1.0
14,0,57.0,0,0,0,0,0,0,0,0,0,0,,,0.0,1.0
15,0,11.0,0,0,0,0,0,0,0,0,0,0,,,0.0,1.0
3,0,0.0,3,0,0,0,1,0,0,1,0,1,,,0.3333333333333333,0.6666666666666666
18,0,117.0,0,0,0,0,0,0,0,0,0,0,,,0.0,1.0
1,1,177.0,4,0,0,1,0,1,0,0,1,0,,,0.3333333333333333,0.6666666666666666
6,0,23.0,0,0,0,0,0,0,0,0,0,0,,,0.0,1.0
16,0,2.0,0,0,0,0,0,0,0,0,0,0,,,0.0,1.0
9,0,176.0,2,1,0,0,0,0,1,0,0,0,,,0.25,0.75
2,0,154.0,0,0,0,0,0,0,0,0,0,0,,,0.0,1.0
8,0,0.0,0,0,0,0,0,0,0,0,0,0,0,,0.0,1.0
9,0,56.0,0,0,0,0,0,0,0,0,0,0,0,,0.0,1.0
15,0,10.0,0,0,0,0,0,0,0,0,0,0,0,,0.0,1.0
4,0,202.0,4,1,0,0,1,0,1,0,0,1,0,0.5,0.4,0.6
2,0,169.0,0,0,0,0,0,0,0,0,0,0,0,,0.0,1.0
3,0,188.0,2,0,1,0,0,0,0,1,0,0,0,,0.2222222222222222,0.7777777777777778
13,0,23.0,0,0,0,0,0,0,0,0,0,0,0,,0.0,1.0
18,0,18.0,0,0,0,0,0,0,0,0,0,,,,0.0,1.0
20,0,117.0,0,0,0,0,0,0,0,0,0,0,0,,0.0,1.0
16,0,35.0,0,0,0,0,0,0,0,0,0,0,0,,0.0,1.0
17,0,11.0,0,0,0,0,0,0,0,0,0,0,0,,0.0,1.0
12,0,45.0,0,0,0,0,0,0,0,0,0,0,0,,0.0,1.0
1,1,0.0,4,0,0,0,0,1,0,0,1,0,1,-0.3,0.3,0.7
5,0,116.0,0,0,0,0,0,0,0,0,0,0,0,,0.0,1.0
7,0,1.0,0,0,0,0,0,0,0,0,0,0,,,0.0,1.0
10,0,0.0,0,0,0,0,0,0,0,0,0,0,0,,0.0,1.0
11,0,4.0,0,0,0,0,0,0,0,0,0,0,0,2.9,0.0,1.0
13,0,56.0,0,0,0,0,0,0,0,0,0,0,0,,0.0,1.0
20,0,0.0,0,0,0,0,0,0,0,0,0,0,0,,0.0,1.0
6,0,18.0,1,0,0,0,1,0,0,0,0,0,0,,0.125,0.875
16,0,67.0,0,0,0,0,0,0,0,0,0,0,0,,0.0,1.0
9,0,4.0,0,0,0,0,0,0,0,0,0,0,0,2.8,0.0,1.0
11,0,0.0,0,0,0,0,0,0,0,0,0,0,0,,0.0,1.0
4,0,179.0,0,0,0,0,0,0,0,0,0,0,0,-1.9,0.0,1.0
14,0,0.0,0,0,0,0,0,0,0,0,0,0,0,,0.0,1.0
17,0,132.0,0,0,0,0,0,0,0,0,0,0,0,,0.0,1.0
15,0,11.0,0,0,0,0,0,0,0,0,0,0,0,,0.0,1.0
19,0,36.0,0,0,0,0,0,0,0,0,0,0,0,,0.0,1.0
2,0,0.0,4,1,0,0,0,0,1,0,0,1,0,-0.4,0.36363636363636365,0.6363636363636364
1,1,220.0,5,0,1,0,0,1,0,1,0,0,1,0.6,0.36363636363636365,0.6363636363636364
12,0,10.0,0,0,0,0,0,0,0,0,0,0,0,,0.0,1.0
8,0,27.0,0,0,0,0,0,0,0,0,0,0,0,1.9,0.0,1.0
3,0,213.0,2,0,0,1,0,0,0,0,1,0,0,0.4,0.2,0.8
7,0,47.0,0,0,0,0,0,0,0,0,0,0,0,,0.0,1.0
16,0,24.0,1,0,0,0,0,1,0,0,0,0,0,,0.1111111111111111,0.8888888888888888
2,0,11.0,0,0,0,0,0,0,0,0,0,0,0,,0.0,1.0
8,0,36.0,0,0,0,0,0,0,0,0,0,0,0,,0.0,1.0
19,0,1.0,0,0,0,0,0,0,0,0,0,0,0,,0.0,1.0
3,0,4.0,0,0,0,0,0,0,0,0,0,0,0,2.1,0.0,1.0
15,0,58.0,0,0,0,0,0,0,0,0,0,0,0,,0.0,1.0
12,0,24.0,0,0,0,0,0,0,0,0,0,0,0,,0.0,1.0
11,0,144.0,0,0,0,0,0,0,0,0,0,0,0,,0.0,1.0
14,0,55.0,0,0,0,0,0,0,0,0,0,0,0,-0.5,0.0,1.0
20,0,0.0,0,0,0,0,0,0,0,0,0,0,0,,0.0,1.0
13,0,138.0,0,0,0,0,0,0,0,0,0,0,0,,0.0,1.0
6,0,0.0,4,0,1,0,0,0,0,1,0,0,1,-0.4,0.3333333333333333,0.6666666666666666
4,0,238.0,2,0,0,0,1,0,0,0,0,1,0,0.2,0.18181818181818182,0.8181818181818182
10,0,31.0,0,0,0,0,0,0,0,0,0,0,0,0.7,0.0,1.0
5,0,197.0,0,0,0,0,0,0,0,0,0,0,0,-1.9,0.0,1.0
9,0,10.0,0,0,0,0,0,0,0,0,0,0,0,,0.0,1.0
7,0,68.0,0,0,0,0,0,0,0,0,0,0,0,,0.0,1.0
1,1,235.0,6,1,0,1,0,0,1,0,1,0,0,0.6,0.4166666666666667,0.5833333333333334
5,1,235.0,7,1,1,0,1,0,0,1,0,1,0,0.6,0.46153846153846156,0.5384615384615384
11,0,0.0,0,0,0,0,0,0,0,0,0,0,0,,0.0,1.0
17,0,68.0,0,0,0,0,0,0,0,0,0,0,0,1.2,0.0,1.0
9,0,0.0,0,0,0,0,0,0,0,0,0,0,0,,0.0,1.0
10,0,68.0,0,0,0,0,0,0,0,0,0,0,0,,0.0,1.0
12,0,31.0,0,0,0,0,0,0,0,0,0,0,0,0.9,0.0,1.0
6,0,263.0,2,0,0,0,0,1,0,0,0,0,1,0.7,0.16666666666666666,0.8333333333333334
3,0,28.0,1,0,0,0,0,0,1,0,0,0,0,4.7,0.1,0.9
18,0,11.0,0,0,0,0,0,0,0,0,0,0,0,2.6,0.0,1.0
15,0,8.0,0,0,0,0,0,0,0,0,0,0,0,2.6,0.0,1.0
19,0,26.0,0,0,0,0,0,0,0,0,0,0,0,,0.0,1.0
14,0,4.0,0,0,0,0,0,0,0,0,0,0,0,1.4,0.0,1.0
13,0,11.0,0,0,0,0,0,0,0,0,0,0,0,3.6,0.0,1.0
5,0,281.0,2,0,0,0,0,0,1,0,0,0,0,1.2,0.15384615384615385,0.8461538461538461
17,0,10.0,0,0,0,0,0,0,0,0,0,0,0,1.4,0.0,1.0
9,0,33.0,0,0,0,0,0,0,0,0,0,0,0,0.5,0.0,1.0
20,0,0.0,4,0,0,0,1,0,0,0,0,1,0,-0.3,0.3076923076923077,0.6923076923076923
19,0,177.0,0,0,0,0,0,0,0,0,0,0,0,2.5,0.0,1.0
4,0,32.0,1,0,0,0,0,0,0,1,0,0,0,4.7,0.09090909090909091,0.9090909090909091
6,0,4.0,0,0,0,0,0,0,0,0,0,0,0,1.5,0.0,1.0
3,1,138.0,1,0,0,0,0,0,0,0,0,0,0,,0.0,1.0
16,0,8.0,0,0,0,0,0,0,0,0,0,0,0,2.4,0.0,1.0
8,0,57.0,0,0,0,0,0,0,0,0,0,0,0,-0.4,0.0,1.0
1,0,247.0,7,1,1,1,0,1,0,0,1,0,1,1.0,0.5,0.5
18,0,26.0,0,0,0,0,0,0,0,0,0,0,0,3.1,0.0,1.0
10,0,13.0,0,0,0,0,0,0,0,0,0,0,0,,0.0,1.0
11,0,93.0,0,0,0,0,0,0,0,0,0,0,0,1.7,0.0,1.0
12,0,0.0,0,0,0,0,0,0,0,0,0,0,0,,0.0,1.0
7,0,0.0,0,0,0,0,0,0,0,0,0,0,0,,0.0,1.0
7,0,34.0,0,0,0,0,0,0,0,0,0,0,0,0.5,0.0,1.0
6,0,306.0,2,0,0,0,0,0,0,1,0,0,0,1.0,0.14285714285714285,0.8571428571428571
4,0,148.0,1,1,0,0,0,0,0,0,0,0,0,,0.125,0.875
20,0,13.0,0,0,0,0,0,0,0,0,0,0,0,,0.0,1.0
13,0,8.0,0,0,0,0,0,0,0,0,0,0,0,2.6,0.0,1.0
12,0,10.0,0,0,0,0,0,0,0,0,0,0,0,1.5,0.0,1.0
10,0,234.0,0,0,0,0,0,0,0,0,0,0,0,-1.8,0.0,1.0
1,1,247.0,8,0,1,1,1,0,1,0,0,1,0,0.9,0.4666666666666667,0.5333333333333333
17,0,28.0,0,0,0,0,0,0,0,0,0,0,0,3.0,0.0,1.0
14,0,0.0,0,0,,,,,,,,,,,0.0,1.0
9,0,0.0,0,0,0,0,0,0,0,0,0,0,0,2.3,0.0,1.0
18,0,0.0,0,0,0,0,0,0,0,0,0,0,0,2.1,0.0,1.0
8,0,111.0,0,0,0,0,0,0,0,0,0,0,0,2.7,0.0,1.0
5,0,4.0,0,0,0,0,0,0,0,0,0,0,0,0.6,0.0,1.0
3,0,32.0,1,0,0,0,0,0,0,0,1,0,0,4.9,0.08333333333333333,0.9166666666666666
17,0,10.0,0,0,0,0,0,0,0,0,0,0,0,1.9,0.0,1.0
5,0,244.0,0,0,0,0,0,0,0,0,0,0,0,-1.4,0.0,1.0
15,0,15.0,0,0,0,0,0,0,0,0,0,0,0,3.9,0.0,1.0
6,0,5.0,0,0,0,0,0,0,0,0,0,0,0,0.2,0.0,1.0
13,0,192.0,0,0,0,0,0,0,0,0,0,0,0,2.7,0.0,1.0
16,0,163.0,1,0,1,0,0,0,0,0,0,0,0,,0.1111111111111111,0.8888888888888888
1,1,265.0,9,1,0,1,1,1,0,1,0,0,1,0.3,0.5,0.5
20,0,0.0,0,0,0,0,0,0,0,0,0,0,0,1.3,0.0,1.0
3,0,331.0,2,0,0,0,0,0,0,0,1,0,0,1.3,0.13333333333333333,0.8666666666666667
9,0,36.0,0,0,0,0,0,0,0,0,0,0,0,0.1,0.0,1.0
2,0,0.0,4,0,0,0,0,0,1,0,0,0,0,1.4,0.2857142857142857,0.7142857142857143
10,0,123.0,0,0,0,0,0,0,0,0,0,0,0,2.3,0.0,1.0
12,0,8.0,0,0,0,0,0,0,0,0,0,0,0,2.6,0.0,1.0
7,0,86.0,0,0,0,0,0,0,0,0,0,0,0,3.2,0.0,1.0
11,0,54.0,0,0,0,0,0,0,0,0,0,0,0,0.7,0.0,1.0
5,0,262.0,0,0,0,0,0,0,0,0,0,0,0,-1.1,0.0,1.0
9,0,36.0,0,0,0,0,0,0,0,0,0,0,0,0.8,0.0,1.0
20,0,0.0,0,0,0,,,,,,,,,,0.0,1.0
19,0,0.0,0,0,0,0,0,0,0,0,0,0,0,1.5,0.0,1.0
4,0,333.0,2,0,0,0,0,0,0,0,0,1,0,1.0,0.125,0.875
18,0,13.0,0,0,0,0,0,0,0,0,0,0,0,,0.0,1.0
2,1,178.0,2,0,0,1,0,0,0,0,0,0,0,3.3,0.1,0.9
15,0,8.0,0,0,0,0,0,0,0,0,0,0,0,2.4,0.0,1.0
6,0,5.0,0,0,0,0,0,0,0,0,0,0,0,-0.1,0.0,1.0
14,0,11.0,0,0,0,0,0,0,0,0,0,0,0,2.3,0.0,1.0
1,0,0.0,4,0,0,0,0,0,0,1,0,0,0,1.4,0.26666666666666666,0.7333333333333333
11,0,19.0,0,0,0,0,0,0,0,0,0,0,0,4.1,0.0,1.0
3,0,277.0,9,1,1,0,1,1,1,0,1,0,0,0.3,0.5294117647058824,0.47058823529411764
13,0,28.0,0,0,0,0,0,0,0,0,0,0,0,3.1,0.0,1.0
10,0,148.0,0,0,0,0,0,0,0,0,0,0,0,2.7,0.0,1.0
20,0,302.0,9,0,1,1,0,1,1,1,0,1,0,0.1,0.5,0.5
14,0,40.0,1,0,0,0,0,0,0,0,0,0,0,4.6,0.07692307692307693,0.9230769230769231
9,0,158.0,0,0,0,0,0,0,0,0,0,0,0,3.0,0.0,1.0
19,0,0.0,0,0,0,0,,,,,,,,,0.0,1.0
5,0,42.0,0,0,0,0,0,0,0,0,0,0,0,0.7,0.0,1.0
2,1,0.0,5,0,0,0,0,0,0,0,1,0,0,1.0,0.25,0.75
1,0,345.0,2,0,0,0,0,0,0,0,0,0,1,1.2,0.11764705882352941,0.8823529411764706
16,0,19.0,0,0,0,0,0,0,0,0,0,0,0,3.8,0.0,1.0
3,0,280.0,0,0,0,0,0,0,0,0,0,0,0,-0.8,0.0,1.0
7,0,83.0,0,0,0,0,0,0,0,0,0,0,0,-0.7,0.0,1.0
17,0,200.0,0,0,0,0,0,0,0,0,0,0,0,2.2,0.0,1.0
4,0,193.0,2,1,0,0,1,0,0,0,0,0,0,3.4,0.18181818181818182,0.8181818181818182
6,0,13.0,0,0,0,0,0,0,0,0,0,0,0,,0.0,1.0
11,0,8.0,0,0,0,0,0,0,0,0,0,0,0,2.0,0.0,1.0
8,0,94.0,0,0,0,0,0,0,0,0,0,0,0,3.2,0.0,1.0
15,0,28.0,0,0,0,0,0,0,0,0,0,0,0,2.3,0.0,1.0
2,0,317.0,9,0,0,1,1,0,1,1,1,0,1,1.3,0.47368421052631576,0.5263157894736842
10,0,168.0,0,0,0,0,0,0,0,0,0,0,0,2.7,0.0,1.0
17,0,0.0,0,0,0,0,0,,,,,,,,0.0,1.0
8,0,43.0,0,0,0,0,0,0,0,0,0,0,0,0.3,0.0,1.0
3,0,0.0,5,1,0,0,0,0,0,0,0,1,0,1.3,0.29411764705882354,0.7058823529411765
1,1,363.0,3,0,0,0,0,0,0,0,0,0,0,1.1,0.1111111111111111,0.8888888888888888
5,0,305.0,0,0,0,0,0,0,0,0,0,0,0,-0.5,0.0,1.0
15,0,19.0,0,0,0,0,0,0,0,0,0,0,0,3.3,0.0,1.0
14,0,17.0,0,0,0,0,0,0,0,0,0,0,0,2.8,0.0,1.0
9,0,5.0,0,0,0,0,0,0,0,0,0,0,0,-0.1,0.0,1.0
11,0,13.0,0,0,0,0,0,0,0,0,0,0,0,1.9,0.0,1.0
7,0,87.0,0,0,0,0,0,0,0,0,0,0,0,-0.8,0.0,1.0
16,0,8.0,0,0,0,0,0,0,0,0,0,0,0,1.3,0.0,1.0
13,0,0.0,0,0,0,0,0,0,0,0,0,0,0,2.0,0.0,1.0
6,0,205.0,2,0,1,0,0,1,0,0,0,0,0,2.0,0.16666666666666666,0.8333333333333334
19,0,200.0,0,0,0,0,0,0,0,0,0,0,0,2.1,0.0,1.0
20,0,0.0,0,0,0,0,,,,,,,,,0.0,1.0
18,0,28.0,0,0,0,0,0,0,0,0,0,0,0,1.9,0.0,1.0
7,0,22.0,0,0,0,0,0,0,0,0,0,0,0,-1.4,0.0,1.0
20,0,0.0,0,0,0,0,0,0,0,0,0,0,0,2.2,0.0,1.0
3,0,6.0,0,0,1,0,0,0,0,0,0,0,0,1.1,0.0,1.0
1,1,12.0,2,1,0,1,0,0,0,0,0,0,0,1.5,1.0,0.0
10,0,0.0,0,0,0,0,0,0,0,0,0,0,0,2.0,0.0,1.0
19,0,10.0,0,0,,,,,,,,,,,0.0,1.0
11,0,0.0,0,0,0,0,0,0,,,,,,,0.0,1.0
14,0,1.0,0,0,0,0,0,0,0,0,0,0,0,1.6,0.0,1.0
8,0,0.0,0,0,0,0,0,0,0,0,0,0,0,0.2,0.0,1.0
13,0,0.0,0,0,0,0,0,0,0,0,0,0,0,3.0,0.0,1.0
12,0,1.0,0,0,0,0,0,0,0,0,0,0,0,0.3,0.0,1.0
9,0,50.0,0,0,0,0,0,1,1,0,1,1,1,1.2,0.0,1.0
18,0,0.0,0,0,0,0,0,0,0,0,0,0,0,2.5,0.0,1.0
7,0,18.0,0,0,0,0,0,0,0,0,0,0,0,-1.5,0.0,1.0
12,0,0.0,0,0,0,0,0,0,0,0,0,0,0,-0.2,0.0,1.0
5,0,22.0,0,0,0,0,0,1,0,0,1,0,0,1.8,0.0,1.0
10,0,0.0,0,0,0,0,0,0,0,0,0,0,0,2.4,0.0,1.0
14,0,40.0,0,0,0,0,0,0,0,0,0,0,0,2.5,0.0,1.0
15,0,0.0,0,0,0,0,0,0,0,,,,,,0.0,1.0
9,0,6.0,0,0,0,0,0,0,0,0,0,0,0,1.4,0.0,1.0
11,0,0.0,0,0,0,0,0,0,0,0,0,0,0,1.9,0.0,1.0
2,0,45.0,0,0,0,0,0,0,0,0,0,0,0,0.8,0.0,1.0
16,0,2.0,0,0,0,,,,,,,,,,0.0,1.0
13,0,37.0,0,0,0,0,0,0,0,0,0,0,0,4.0,0.0,1.0
8,0,3.0,0,0,0,0,0,0,0,0,0,0,0,0.8,0.0,1.0
1,0,33.0,2,1,1,0,1,0,0,0,0,0,0,1.9,1.0,0.0
6,1,30.0,1,0,0,0,0,0,0,0,0,0,0,5.3,0.0,1.0
17,0,11.0,0,0,0,0,0,0,0,0,,,,,0.0,1.0
4,0,54.0,0,0,0,0,0,0,1,1,0,1,1,1.8,0.0,1.0
19,0,1.0,0,0,0,,,,,,,,,,0.0,1.0
20,0,12.0,0,0,0,0,0,0,0,0,0,0,0,1.9,0.0,1.0
3,0,22.0,0,0,0,1,0,0,0,0,0,0,0,1.4,0.0,1.0
12,0,37.0,0,0,0,0,0,0,0,0,0,0,0,3.6,0.0,1.0
10,0,8.0,0,0,0,0,0,0,0,0,0,0,0,2.5,0.0,1.0
8,0,13.0,0,0,0,0,0,0,0,0,0,0,0,0.3,0.0,1.0
1,0,0.0,2,0,1,1,0,1,0,0,0,0,0,1.2,0.6666666666666666,0.3333333333333333
2,1,0.0,1,0,0,0,0,0,0,1,1,0,1,1.8,0.0,1.0
6,0,70.0,0,0,0,0,0,0,0,0,0,0,0,0.8,0.0,1.0
17,0,11.0,0,0,0,0,0,0,0,0,0,,,,0.0,1.0
9,0,8.0,0,0,0,0,0,0,0,0,0,0,0,1.4,0.0,1.0
18,0,12.0,0,0,0,0,0,0,0,0,0,0,0,1.9,0.0,1.0
16,0,40.0,0,0,0,0,0,0,0,0,0,0,0,2.8,0.0,1.0
19,0,4.0,0,0,0,0,0,0,0,0,,,,,0.0,1.0
15,0,0.0,0,0,0,0,0,0,0,0,0,0,0,1.6,0.0,1.0
13,0,1.0,0,0,0,0,,,,,,,,,0.0,1.0
3,0,0.0,2,0,0,1,1,0,1,0,0,0,0,0.9,0.5,0.5
2,0,22.0,0,0,0,0,0,1,0,0,0,0,0,1.3,0.0,1.0
19,0,2.0,0,0,0,0,0,,,,,,,,0.0,1.0
18,0,9.0,0,0,0,0,0,0,0,0,0,0,0,3.2,0.0,1.0
15,0,19.0,0,0,0,0,0,0,0,0,0,0,0,0.1,0.0,1.0
1,1,78.0,2,1,0,0,0,0,0,0,1,1,0,1.5,0.25,0.75
6,0,48.0,1,0,1,0,0,0,0,0,0,0,0,4.9,0.5,0.5
5,0,32.0,0,0,0,0,0,0,0,1,0,0,1,1.8,0.0,1.0
14,0,1.0,0,0,0,0,0,,,,,,,,0.0,1.0
9,0,8.0,0,0,0,0,0,0,0,0,0,0,0,1.1,0.0,1.0
20,0,4.0,0,0,0,0,0,0,0,0,0,,,,0.0,1.0
8,0,47.0,0,0,0,0,0,0,0,0,0,0,0,4.0,0.0,1.0
17,0,12.0,0,0,0,0,0,0,0,0,0,0,0,2.2,0.0,1.0
7,0,0.0,0,0,0,0,0,0,0,0,0,0,0,1.6,0.0,1.0
2,0,0.0,2,0,0,0,1,1,0,1,0,0,0,0.5,0.4,0.6
10,0,19.0,0,0,0,0,0,0,0,0,0,0,0,,0.0,1.0
1,1,60.0,2,0,0,1,0,0,0,0,0,0,0,4.9,0.3333333333333333,0.6666666666666666
16,0,18.0,0,0,0,0,0,0,0,0,0,0,0,2.2,0.0,1.0
11,0,35.0,0,0,0,0,0,0,0,0,0,0,0,-1.2,0.0,1.0
6,0,17.0,0,0,0,0,0,0,0,0,0,0,0,-0.1,0.0,1.0
19,0,0.0,0,0,0,0,0,0,0,0,0,0,0,2.0,0.0,1.0
9,0,20.0,0,0,0,0,0,0,0,0,0,0,0,0.4,0.0,1.0
17,0,9.0,0,0,0,0,0,0,0,0,0,0,0,2.9,0.0,1.0
4,0,110.0,0,0,0,0,0,0,0,0,0,0,0,1.2,0.0,1.0
5,0,26.0,0,0,0,0,0,0,1,0,0,0,0,1.0,0.0,1.0
13,0,2.0,0,0,0,0,0,0,,,,,,,0.0,1.0
3,0,96.0,2,1,1,0,0,0,0,0,0,1,1,1.6,0.4,0.6
20,0,32.0,0,0,0,0,0,0,0,0,1,0,0,2.0,0.0,1.0
18,0,1.0,0,0,0,0,0,0,0,0,0,0,0,1.3,0.0,1.0
12,0,68.0,0,0,0,0,0,0,0,0,0,0,0,2.9,0.0,1.0
8,0,8.0,0,0,0,0,0,0,0,0,0,0,0,1.1,0.0,1.0
4,0,121.0,2,0,1,1,0,0,0,0,0,0,1,1.6,0.3333333333333333,0.6666666666666666
9,0,8.0,0,0,0,0,0,0,0,0,0,0,0,0.6,0.0,1.0
2,0,32.0,0,0,0,0,0,0,0,1,0,0,0,1.0,0.0,1.0
18,0,2.0,0,0,0,0,0,0,0,,,,,,0.0,1.0
20,0,1.0,0,0,0,0,0,0,0,0,0,0,0,1.1,0.0,1.0
15,0,86.0,0,0,0,0,0,0,0,0,0,0,0,2.5,0.0,1.0
7,0,50.0,0,0,0,0,0,0,0,0,0,0,0,-0.8,0.0,1.0
3,0,32.0,0,0,0,0,0,0,0,0,0,1,0,2.8,0.0,1.0
19,0,18.0,0,0,0,0,0,0,0,0,0,0,0,2.6,0.0,1.0
11,0,0.0,0,0,0,0,0,0,0,0,0,0,0,2.8,0.0,1.0
6,0,68.0,2,1,0,0,1,0,0,0,0,0,0,3.5,0.5,0.5
1,1,0.0,3,0,0,0,0,1,1,0,1,0,0,-1.1,0.3333333333333333,0.6666666666666666
8,0,17.0,0,0,0,0,0,0,0,0,0,0,0,0.2,0.0,1.0
5,0,120.0,0,0,0,0,0,0,0,0,0,0,0,1.2,0.0,1.0
16,0,19.0,0,0,0,0,0,0,0,0,0,0,0,,0.0,1.0
10,0,24.0,0,0,0,0,0,0,0,0,0,0,0,0.1,0.0,1.0
13,0,11.0,0,0,0,0,0,0,0,,,,,,0.0,1.0
12,0,68.0,0,0,0,0,0,0,0,0,0,0,0,-0.3,0.0,1.0
4,0,32.0,0,0,0,0,0,0,0,0,0,0,1,2.6,0.0,1.0
1,1,131.0,3,0,0,1,1,0,0,0,0,0,0,1.5,0.2857142857142857,0.7142857142857143
9,0,0.0,0,0,0,0,0,0,0,0,0,0,0,2.1,0.0,1.0
5,0,83.0,2,0,1,0,0,1,0,0,0,0,0,3.4,0.4,0.6
19,0,11.0,0,0,0,0,0,0,0,0,0,0,0,2.4,0.0,1.0
15,0,18.0,0,0,0,0,0,0,0,0,0,0,0,3.7,0.0,1.0
10,0,1.0,0,0,0,0,0,0,0,0,0,0,0,1.3,0.0,1.0
6,0,145.0,0,0,0,0,0,0,0,0,0,0,0,1.1,0.0,1.0
16,0,96.0,0,0,0,0,0,0,0,0,0,0,0,3.8,0.0,1.0
20,0,4.0,0,0,0,0,0,0,0,0,0,0,0,,0.0,1.0
18,0,2.0,0,0,0,0,0,0,0,0,,,,,0.0,1.0
17,0,92.0,0,0,0,0,0,0,0,0,0,0,0,2.4,0.0,1.0
7,0,8.0,0,0,0,0,0,0,0,0,0,0,0,0.6,0.0,1.0
2,0,34.0,0,0,0,0,0,0,0,0,1,0,0,0.8,0.0,1.0
3,0,0.0,3,1,0,0,0,0,1,1,0,1,0,-1.1,0.42857142857142855,0.5714285714285714
8,0,11.0,0,0,0,0,0,0,0,0,,,,,0.0,1.0
18,0,19.0,0,0,0,0,0,0,0,0,0,,,,0.0,1.0
11,0,23.0,0,0,0,0,0,0,0,0,0,0,0,-0.3,0.0,1.0
3,0,145.0,0,0,0,0,0,0,0,0,0,0,0,0.9,0.0,1.0
8,0,12.0,0,0,0,0,0,0,0,0,0,0,0,2.0,0.0,1.0
16,0,28.0,0,0,0,0,0,0,0,0,0,0,0,-0.4,0.0,1.0
6,0,0.0,3,0,1,0,0,0,0,1,1,0,1,-1.0,0.375,0.625
14,0,13.0,0,0,0,0,0,0,0,0,0,0,0,2.2,0.0,1.0
4,1,36.0,1,0,0,0,0,0,0,0,0,0,0,2.6,0.0,1.0
20,0,18.0,0,0,0,0,0,0,0,0,0,0,0,3.8,0.0,1.0
13,0,96.0,0,0,0,0,0,0,0,0,0,0,0,3.9,0.0,1.0
15,0,92.0,0,0,0,0,0,0,0,0,0,0,0,3.4,0.0,1.0
9,0,8.0,0,0,0,0,0,0,0,0,0,0,0,-0.1,0.0,1.0
17,0,3.0,0,0,0,0,0,0,0,0,0,,,,0.0,1.0
5,0,1.0,0,0,0,0,0,0,0,0,0,0,0,0.9,0.0,1.0
12,0,37.0,0,0,0,0,0,0,0,0,0,0,0,3.0,0.0,1.0
1,0,171.0,3,0,1,0,0,1,1,0,0,0,0,2.1,0.375,0.625
17,0,104.0,0,0,0,0,0,0,0,0,0,0,0,2.6,0.0,1.0
4,0,42.0,0,0,0,0,0,0,0,0,0,0,1,0.5,0.0,1.0
18,0,3.0,0,0,0,0,0,0,0,0,0,0,,,0.0,1.0
11,0,93.0,0,0,0,0,0,0,0,0,0,0,0,-0.1,0.0,1.0
13,0,106.0,0,0,0,0,0,0,0,0,0,0,0,3.5,0.0,1.0
19,0,13.0,0,0,0,0,0,0,0,0,0,0,0,1.7,0.0,1.0
6,0,116.0,2,0,0,0,1,0,0,1,0,0,0,2.3,0.3333333333333333,0.6666666666666666
2,1,0.0,4,0,0,1,0,0,0,0,1,1,0,-0.8,0.3333333333333333,0.6666666666666666
3,0,163.0,0,0,0,0,0,0,0,0,0,0,0,0.8,0.0,1.0
14,0,39.0,0,0,0,0,0,0,0,0,0,0,0,3.0,0.0,1.0
10,0,24.0,0,0,0,0,0,0,0,0,0,0,0,0.6,0.0,1.0
12,0,28.0,0,0,0,0,0,0,0,0,0,0,0,0.3,0.0,1.0
7,0,12.0,0,0,0,0,0,0,0,0,0,0,0,2.2,0.0,1.0
13,0,18.0,0,0,0,0,0,0,0,0,0,0,0,5.0,0.0,1.0
17,0,4.0,0,0,0,0,0,0,0,0,0,0,0,,0.0,1.0
19,0,122.0,0,0,0,0,0,0,0,0,0,0,0,2.5,0.0,1.0
14,1,171.0,4,0,0,1,0,0,1,1,0,0,0,0.4,0.3333333333333333,0.6666666666666666
7,0,105.0,0,0,0,0,0,0,0,0,0,0,0,0.3,0.0,1.0
10,0,28.0,0,0,0,0,0,0,0,0,0,0,0,0.9,0.0,1.0
5,0,20.0,0,0,0,0,0,0,0,0,0,0,0,1.4,0.0,1.0
8,0,8.0,0,0,0,0,0,0,0,0,0,0,0,-0.4,0.0,1.0
9,0,29.0,0,0,0,0,0,0,0,0,0,0,0,,0.0,1.0
16,0,39.0,0,0,0,0,0,0,0,0,0,0,0,3.0,0.0,1.0
3,0,188.0,0,0,0,0,0,0,0,0,0,0,0,0.6,0.0,1.0
15,0,30.0,0,0,0,0,0,0,0,0,0,0,0,1.0,0.0,1.0
11,0,106.0,0,0,0,0,0,0,0,0,0,0,0,3.2,0.0,1.0
4,0,40.0,1,0,1,0,0,0,0,0,0,0,0,1.7,0.14285714285714285,0.8571428571428571
6,0,2.0,0,0,0,0,0,0,0,0,0,0,0,0.6,0.0,1.0
2,0,52.0,0,0,0,0,0,0,0,0,0,0,0,0.3,0.0,1.0
9,0,21.0,0,0,0,0,0,0,0,0,0,0,0,0.7,0.0,1.0
3,0,213.0,0,0,0,0,0,0,0,0,0,0,0,0.6,0.0,1.0
19,0,30.0,0,0,0,0,0,0,0,0,0,0,0,1.1,0.0,1.0
11,0,118.0,0,0,0,0,0,0,0,0,0,0,0,2.9,0.0,1.0
15,0,13.0,0,0,0,0,0,0,0,0,0,0,0,2.4,0.0,1.0
12,0,146.0,2,0,0,0,0,0,1,0,0,1,0,2.3,0.2857142857142857,0.7142857142857143
14,0,26.0,0,0,0,0,0,0,0,0,0,0,0,5.0,0.0,1.0
18,0,30.0,0,0,0,0,0,0,0,0,0,0,0,1.7,0.0,1.0
13,0,105.0,0,0,0,0,0,0,0,0,0,0,0,1.3,0.0,1.0
20,0,5.0,0,0,0,0,0,0,0,0,0,0,0,,0.0,1.0
10,0,2.0,0,0,0,0,0,0,0,0,0,0,0,0.8,0.0,1.0
8,0,4.0,0,0,0,0,0,0,0,0,0,0,0,,0.0,1.0
1,1,189.0,5,1,0,0,1,0,0,1,1,0,0,1.7,0.4,0.6
5,0,8.0,0,0,0,0,0,0,0,0,0,0,0,-0.5,0.0,1.0
2,0,52.0,0,0,0,0,0,0,0,0,0,0,0,0.4,0.0,1.0
6,0,45.0,0,0,0,0,0,0,0,0,0,0,0,2.5,0.0,1.0
4,0,0.0,4,0,1,0,0,1,0,0,0,0,1,-0.7,0.4,0.6
3,0,40.0,0,0,0,0,0,0,0,0,0,0,0,2.1,0.0,1.0
4,0,30.0,0,0,0,0,0,0,0,0,0,0,0,1.5,0.0,1.0
17,0,13.0,0,0,0,0,0,0,0,0,0,0,0,2.5,0.0,1.0
18,0,144.0,0,0,0,0,0,0,0,0,0,0,0,3.0,0.0,1.0
11,0,4.0,0,0,0,0,0,0,0,0,0,0,0,2.8,0.0,1.0
14,0,8.0,0,0,0,0,0,0,0,0,0,0,0,-0.8,0.0,1.0
13,0,28.0,0,0,0,0,0,0,0,0,0,0,0,4.7,0.0,1.0
7,0,44.0,1,0,0,0,1,0,0,0,0,0,0,1.6,0.125,0.875
1,0,214.0,5,1,1,0,0,1,0,0,1,1,0,1.8,0.45454545454545453,0.5454545454545454
5,0,2.0,0,0,0,0,0,0,0,0,0,0,0,0.8,0.0,1.0
16,0,6.0,0,0,0,0,0,0,0,0,0,0,0,,0.0,1.0
10,0,49.0,0,0,0,0,0,0,0,0,0,0,0,1.8,0.0,1.0
9,0,27.0,0,0,0,0,0,0,0,0,0,0,0,0.8,0.0,1.0
2,1,0.0,5,0,0,1,0,0,1,0,0,0,0,-0.7,0.36363636363636365,0.6363636363636364
19,0,52.0,0,0,0,0,0,0,0,0,0,0,0,0.1,0.0,1.0
4,0,1.0,0,0,0,0,0,0,0,0,0,0,0,0.9,0.0,1.0
7,0,28.0,0,0,0,0,0,0,0,0,0,0,0,-0.4,0.0,1.0
12,0,34.0,0,0,0,0,0,0,0,0,0,0,0,2.6,0.0,1.0
3,1,226.0,6,0,1,1,0,0,1,0,0,1,1,1.1,0.4166666666666667,0.5833333333333334
17,0,46.0,0,0,0,0,0,0,0,0,0,0,0,3.1,0.0,1.0
18,0,159.0,0,0,0,0,0,0,0,0,0,0,0,4.2,0.0,1.0
11,0,118.0,0,0,0,0,0,0,0,0,0,0,0,0.8,0.0,1.0
2,0,44.0,5,1,0,0,1,0,0,1,0,0,0,-0.6,0.4166666666666667,0.5833333333333334
15,0,45.0,0,0,0,0,0,0,0,0,0,0,0,,0.0,1.0
1,0,256.0,0,0,0,0,0,0,0,0,0,0,0,0.5,0.0,1.0
14,0,13.0,0,0,0,0,0,0,0,0,0,0,0,1.8,0.0,1.0
9,0,2.0,0,0,0,0,0,0,0,0,0,0,0,1.8,0.0,1.0
8,0,6.0,0,0,0,0,0,0,0,0,0,0,0,1.7,0.0,1.0
20,0,8.0,0,0,0,0,0,0,0,0,0,0,0,1.7,0.0,1.0
10,0,27.0,0,0,0,0,0,0,0,0,0,0,0,3.0,0.0,1.0
5,0,52.0,1,0,0,0,0,1,0,0,0,0,0,2.1,0.1111111111111111,0.8888888888888888
17,0,6.0,0,0,0,0,0,0,0,0,0,0,0,1.9,0.0,1.0
8,0,2.0,0,0,0,0,0,0,0,0,0,0,0,1.0,0.0,1.0
12,0,8.0,0,0,0,0,0,0,0,0,0,0,0,-0.5,0.0,1.0
5,0,281.0,0,0,0,0,0,0,0,0,0,0,0,0.5,0.0,1.0
20,0,15.0,0,0,0,0,0,0,0,0,0,0,0,2.5,0.0,1.0
4,0,53.0,0,0,0,0,0,0,0,0,0,0,0,0.9,0.0,1.0
10,0,148.0,0,0,0,0,0,0,0,0,0,0,0,2.3,0.0,1.0
14,0,28.0,0,0,0,0,0,0,0,0,0,0,0,4.1,0.0,1.0
1,1,241.0,7,1,0,1,1,0,0,1,0,0,1,1.3,0.46153846153846156,0.5384615384615384
2,0,50.0,1,0,0,0,0,0,1,0,0,0,0,2.0,0.1,0.9
19,0,6.0,0,0,0,0,0,0,0,0,0,0,0,2.5,0.0,1.0
18,0,171.0,0,0,0,0,0,0,0,0,0,0,0,3.0,0.0,1.0
16,0,27.0,0,0,0,0,0,0,0,0,0,0,0,0.1,0.0,1.0
7,0,38.0,0,0,0,0,0,0,0,0,0,0,0,2.9,0.0,1.0
13,0,45.0,0,0,0,0,0,0,0,0,0,0,0,3.1,0.0,1.0
3,0,164.0,5,0,1,0,0,1,0,0,1,0,0,-0.1,0.38461538461538464,0.6153846153846154
15,0,49.0,0,0,0,0,0,0,0,0,0,0,0,1.2,0.0,1.0
11,0,126.0,0,0,0,0,0,0,0,0,0,0,0,3.0,0.0,1.0
6,0,174.0,2,0,0,0,0,0,0,0,0,1,0,3.0,0.25,0.75
7,0,47.0,0,0,0,0,0,0,0,0,0,0,0,3.0,0.0,1.0
5,0,27.0,0,0,0,0,0,0,0,0,0,0,0,-0.2,0.0,1.0
2,1,256.0,8,1,1,0,1,1,0,0,1,0,0,1.2,0.5,0.5
15,0,189.0,0,0,0,0,0,0,0,0,0,0,0,3.5,0.0,1.0
19,0,50.0,1,0,0,0,0,0,0,1,0,0,0,2.2,0.09090909090909091,0.9090909090909091
13,0,6.0,0,0,0,0,0,0,0,0,0,0,0,2.4,0.0,1.0
1,0,53.0,0,0,0,0,0,0,0,0,0,0,0,0.8,0.0,1.0
18,0,186.0,2,0,0,0,0,0,0,0,0,0,1,3.0,0.2222222222222222,0.7777777777777778
12,0,158.0,0,0,0,0,0,0,0,0,0,0,0,2.3,0.0,1.0
10,0,28.0,0,0,0,0,0,0,0,0,0,0,0,3.7,0.0,1.0
14,0,21.0,0,0,0,0,0,0,0,0,0,0,0,2.7,0.0,1.0
4,0,306.0,0,0,0,0,0,0,0,0,0,0,0,0.6,0.0,1.0
6,0,47.0,0,0,0,0,0,0,0,0,0,0,0,1.7,0.0,1.0
9,0,2.0,0,0,0,0,0,0,0,0,0,0,0,-0.2,0.0,1.0
16,0,134.0,0,0,0,0,0,0,0,0,0,0,0,2.9,0.0,1.0
3,0,1.0,5,0,0,1,0,0,1,0,0,1,0,0.2,0.35714285714285715,0.6428571428571429
8,0,38.0,0,0,0,0,0,0,0,0,0,0,0,1.5,0.0,1.0
11,0,8.0,0,0,0,0,0,0,0,0,0,0,0,-0.5,0.0,1.0
3,0,50.0,1,0,0,0,0,0,0,0,1,0,0,3.6,0.08333333333333333,0.9166666666666666
17,0,6.0,0,0,0,0,0,0,0,0,0,0,0,1.4,0.0,1.0
19,0,207.0,0,0,0,0,0,0,0,0,0,0,0,2.7,0.0,1.0
6,0,6.0,0,0,0,0,0,0,0,0,0,0,0,1.4,0.0,1.0
7,0,53.0,0,0,0,0,0,0,0,0,0,0,0,1.5,0.0,1.0
2,0,53.0,0,0,0,0,0,0,0,0,0,0,0,0.7,0.0,1.0
1,1,264.0,9,1,1,1,0,1,1,0,0,1,0,1.3,0.5333333333333333,0.4666666666666667
5,0,2.0,0,0,0,0,0,0,0,0,0,0,0,-0.7,0.0,1.0
20,0,28.0,0,0,0,0,0,0,0,0,0,0,0,3.0,0.0,1.0
14,0,21.0,0,0,0,0,0,0,0,0,0,0,0,2.4,0.0,1.0
15,0,196.0,2,0,0,0,0,0,0,0,0,0,0,3.4,0.2,0.8
4,0,331.0,0,0,0,0,0,0,0,0,0,0,0,0.2,0.0,1.0
18,0,146.0,0,0,0,0,0,0,0,0,0,0,0,2.5,0.0,1.0
13,0,8.0,0,0,0,0,0,0,0,0,0,0,0,-1.3,0.0,1.0
8,0,1.0,5,0,0,0,1,0,0,1,0,0,1,0.3,0.3333333333333333,0.6666666666666666
11,0,53.0,0,0,0,0,0,0,0,0,0,0,0,1.6,0.0,1.0
9,0,39.0,0,0,0,0,0,0,0,0,0,0,0,0.7,0.0,1.0
16,0,1.0,0,0,0,0,0,0,0,0,0,0,0,3.3,0.0,1.0
14,0,28.0,0,0,0,0,0,0,0,0,0,0,0,1.8,0.0,1.0
18,0,217.0,1,0,0,0,0,0,0,0,0,1,0,3.4,0.07692307692307693,0.9230769230769231
1,0,146.0,9,1,1,1,1,0,1,1,0,0,1,1.3,0.5625,0.4375
2,1,57.0,1,0,0,0,0,0,0,0,0,0,0,0.1,0.0,1.0
15,0,4.0,0,0,0,0,0,0,0,0,0,0,0,1.4,0.0,1.0
7,0,1.0,0,0,0,0,0,0,0,0,0,0,0,2.2,0.0,1.0
3,0,45.0,0,0,0,0,0,0,0,0,0,0,0,0.7,0.0,1.0
17,0,31.0,0,0,0,0,0,0,0,0,0,0,0,3.3,0.0,1.0
5,0,221.0,5,0,0,0,0,1,0,0,1,0,0,0.5,0.3125,0.6875
10,0,50.0,0,0,0,0,0,0,0,0,0,0,0,1.2,0.0,1.0
20,0,53.0,0,0,0,0,0,0,0,0,0,0,0,0.6,0.0,1.0
11,0,49.0,0,0,0,0,0,0,0,0,0,0,0,-0.8,0.0,1.0
19,0,346.0,0,0,0,0,0,0,0,0,0,0,0,0.6,0.0,1.0
3,0,294.0,9,0,1,1,1,1,0,1,1,0,0,1.2,0.5294117647058824,0.47058823529411764
14,0,6.0,0,0,0,0,0,0,0,0,0,0,0,2.3,0.0,1.0
20,0,53.0,0,0,0,0,0,0,0,0,0,0,0,1.0,0.0,1.0
16,0,31.0,0,0,0,0,0,0,0,0,0,0,0,-1.1,0.0,1.0
11,0,57.0,0,0,0,0,0,0,0,0,0,0,0,1.7,0.0,1.0
17,0,27.0,0,0,0,0,0,0,0,0,0,0,0,1.5,0.0,1.0
6,0,358.0,1,1,0,0,0,0,0,0,0,0,0,0.3,0.06666666666666667,0.9333333333333333
4,0,276.0,5,0,0,0,0,0,1,0,0,1,0,0.6,0.29411764705882354,0.7058823529411765
7,0,216.0,0,0,0,0,0,0,0,0,0,0,0,2.2,0.0,1.0
5,0,69.0,0,0,0,0,0,0,0,0,0,0,0,0.5,0.0,1.0
19,0,9.0,0,0,0,0,0,0,0,0,0,0,0,1.8,0.0,1.0
2,1,50.0,2,0,0,0,0,0,0,0,0,0,1,3.9,0.07142857142857142,0.9285714285714286
10,0,29.0,0,0,0,0,0,0,0,0,0,0,0,3.5,0.0,1.0
15,0,227.0,0,0,0,0,0,0,0,0,0,0,0,4.0,0.0,1.0
9,0,49.0,0,0,0,0,0,0,0,0,0,0,0,2.3,0.0,1.0
18,0,4.0,0,0,0,0,0,0,0,0,0,0,0,-0.3,0.0,1.0
9,0,55.0,0,0,0,0,0,0,0,0,0,0,0,1.5,0.0,1.0
2,0,1.0,5,0,0,0,0,0,0,1,0,0,1,1.0,0.2777777777777778,0.7222222222222222
19,0,33.0,0,0,0,0,0,0,0,0,0,0,0,1.8,0.0,1.0
4,0,383.0,1,0,1,0,0,0,0,0,0,0,0,0.3,0.0625,0.9375
5,0,50.0,2,1,0,0,0,0,0,0,0,0,0,4.0,0.13333333333333333,0.8666666666666667
20,0,237.0,0,0,0,0,0,0,0,0,0,0,0,4.2,0.0,1.0
3,0,69.0,0,0,0,0,0,0,0,0,0,0,0,1.0,0.0,1.0
11,0,251.0,2,0,0,0,0,0,0,0,0,0,0,4.1,0.18181818181818182,0.8181818181818182
14,0,9.0,0,0,0,0,0,0,0,0,0,0,0,2.1,0.0,1.0
18,0,58.0,0,0,0,0,0,0,0,0,0,0,0,1.7,0.0,1.0
12,0,45.0,0,0,0,0,0,0,0,0,0,0,0,1.8,0.0,1.0
17,0,158.0,0,0,0,0,0,0,0,0,0,0,0,2.3,0.0,1.0
10,0,35.0,0,0,0,0,0,0,0,0,0,0,0,-0.8,0.0,1.0
16,0,6.0,0,0,0,0,0,0,0,0,0,0,0,2.8,0.0,1.0
15,0,12.0,0,0,0,0,0,0,0,0,0,0,0,-0.5,0.0,1.0
7,0,49.0,0,0,0,0,0,0,0,0,0,0,0,2.5,0.0,1.0
8,0,4.0,0,0,0,0,0,0,0,0,0,0,0,-0.4,0.0,1.0
1,1,302.0,10,0,0,1,1,1,1,0,1,1,0,1.1,0.5,0.5
8,0,49.0,0,0,0,0,0,0,0,0,0,0,0,1.8,0.0,1.0
13,0,37.0,0,0,0,0,0,0,0,0,0,0,0,-1.0,0.0,1.0
3,0,1.0,5,0,0,0,0,0,0,0,1,0,0,0.3,0.2631578947368421,0.7368421052631579
19,0,9.0,0,0,0,0,0,0,0,0,0,0,0,1.5,0.0,1.0
5,0,251.0,2,0,0,0,0,0,0,0,0,0,0,4.3,0.16666666666666666,0.8333333333333334
2,0,69.0,0,0,0,0,0,0,0,0,0,0,0,0.8,0.0,1.0
6,0,50.0,2,0,1,0,0,0,0,0,0,0,0,4.1,0.125,0.875
18,0,247.0,0,0,0,0,0,0,0,0,0,0,0,4.8,0.0,1.0
20,0,39.0,0,0,0,0,0,0,0,0,0,0,0,1.9,0.0,1.0
7,0,4.0,0,0,0,0,0,0,0,0,0,0,0,-1.2,0.0,1.0
1,1,320.0,11,1,0,0,1,1,1,1,0,1,1,1.2,0.5263157894736842,0.47368421052631576
14,0,53.0,0,0,0,0,0,0,0,0,0,0,0,1.1,0.0,1.0
15,0,170.0,0,0,0,0,0,0,0,0,0,0,0,1.8,0.0,1.0
16,0,6.0,0,0,0,0,0,0,0,0,0,0,0,2.4,0.0,1.0
11,0,12.0,0,0,0,0,0,0,0,0,0,0,0,-0.1,0.0,1.0
6,0,2.0,0,0,0,0,0,0,0,0,0,0,0,-0.7,0.0,1.0
13,0,2.0,0,0,0,0,0,0,0,0,0,0,0,1.5,0.0,1.0
9,0,0.0,0,0,,,,,,,,,,,0.0,1.0
8,0,4.0,0,0,0,0,0,1,0,0,0,0,0,0.4,0.0,1.0
18,0,1.0,0,0,0,0,0,0,0,0,0,0,0,2.8,0.0,1.0
2,0,26.0,0,0,0,0,0,0,0,0,0,0,1,0.0,0.0,1.0
14,0,6.0,0,0,0,0,0,0,0,0,0,0,0,0.9,0.0,1.0
15,0,0.0,0,0,0,0,0,0,0,0,0,0,0,1.4,0.0,1.0
3,1,22.0,1,0,1,1,0,0,1,1,1,1,0,-0.2,0.0,1.0
1,0,8.0,0,0,0,0,0,0,0,0,0,0,0,1.2,0.0,1.0
20,0,1.0,0,0,,,,,,,,,,,0.0,1.0
4,0,43.0,1,1,0,0,0,0,0,0,0,0,0,0.9,1.0,0.0
16,0,0.0,0,0,0,0,,,,,,,,,0.0,1.0
5,0,10.0,0,0,0,0,1,0,0,0,0,0,0,4.2,0.0,1.0
19,0,0.0,0,0,,,,,,,,,,,0.0,1.0
12,0,0.0,0,0,,,,,,,,,,,0.0,1.0
18,0,0.0,0,0,0,,,,,,,,,,0.0,1.0
19,0,3.0,0,0,0,0,0,,,,,,,,0.0,1.0
1,0,26.0,1,0,1,0,0,0,0,0,0,0,0,-0.4,0.5,0.5
3,0,39.0,0,0,0,0,0,0,0,0,0,0,0,-0.4,0.0,1.0
13,0,6.0,0,0,0,0,0,0,1,0,0,0,0,0.5,0.0,1.0
17,0,0.0,0,0,0,,,,,,,,,,0.0,1.0
4,0,37.0,0,0,0,0,0,0,0,0,0,0,0,1.2,0.0,1.0
0,0,5.0,0,0,0,,,,,,,,,,0.0,1.0
5,0,44.0,0,0,0,0,0,1,0,0,0,0,0,3.9,0.0,1.0
15,0,13.0,0,0,0,,,,,,,,,,0.0,1.0
16,0,12.0,0,0,0,0,0,0,0,0,0,0,0,2.8,0.0,1.0
2,1,18.0,2,1,0,1,1,0,0,1,1,1,1,0.1,0.5,0.5
12,0,8.0,0,0,0,0,0,0,0,0,0,0,0,0.8,0.0,1.0
9,0,36.0,0,0,0,0,0,0,0,0,0,0,0,-0.8,0.0,1.0
6,0,1.0,0,0,0,0,0,0,0,0,0,0,0,1.8,0.0,1.0
7,0,13.0,0,0,0,0,,,,,,,,,0.0,1.0
2,0,87.0,2,1,1,0,1,1,0,0,1,1,1,0.0,0.6666666666666666,0.3333333333333333
12,0,47.0,0,0,0,0,0,0,0,0,0,0,0,-1.4,0.0,1.0
5,0,12.0,0,0,0,0,0,0,0,0,0,0,0,1.3,0.0,1.0
8,0,52.0,0,0,0,0,0,0,0,0,0,0,0,0.2,0.0,1.0
11,0,13.0,0,0,0,0,,,,,,,,,0.0,1.0
9,0,6.0,0,0,0,0,0,0,0,0,0,0,0,1.1,0.0,1.0
0,0,0.0,0,0,0,0,,,,,,,,,0.0,1.0
13,0,13.0,0,0,0,0,0,0,0,0,0,0,0,3.1,0.0,1.0
0,0,6.0,0,0,0,0,0,0,0,1,0,0,0,0.9,0.0,1.0
16,0,0.0,0,0,0,0,,,,,,,,,0.0,1.0
3,0,51.0,0,0,0,0,0,0,0,0,0,0,0,-0.2,0.0,1.0
4,0,86.0,0,0,0,0,0,0,1,0,0,0,0,4.0,0.0,1.0
17,0,3.0,0,0,0,0,0,0,,,,,,,0.0,1.0
1,1,0.0,2,0,0,1,0,0,0,0,0,0,0,-0.6,0.3333333333333333,0.6666666666666666
15,0,8.0,0,0,0,0,0,0,0,0,0,0,0,2.4,0.0,1.0
1,0,12.0,2,1,0,0,1,0,0,0,0,0,0,-0.6,0.5,0.5
18,0,0.0,0,0,0,0,0,0,0,,,,,,0.0,1.0
0,0,64.0,0,0,0,0,0,0,0,0,0,0,0,2.2,0.0,1.0
12,0,6.0,0,0,0,0,0,0,0,0,0,0,0,1.7,0.0,1.0
4,0,57.0,0,0,0,0,0,0,0,1,0,0,0,4.0,0.0,1.0
15,0,112.0,0,0,0,0,0,0,0,0,0,0,0,0.5,0.0,1.0
17,0,1.0,0,0,0,0,0,,,,,,,,0.0,1.0
2,1,66.0,3,0,1,1,0,1,1,0,0,1,1,0.0,0.5,0.5
8,0,6.0,0,0,0,0,0,0,0,0,0,0,0,-1.6,0.0,1.0
6,0,3.0,0,0,0,0,0,0,0,0,0,0,0,1.8,0.0,1.0
5,0,13.0,0,0,0,0,0,0,0,0,0,0,0,1.1,0.0,1.0
9,0,13.0,0,0,0,0,0,0,0,0,0,0,0,1.7,0.0,1.0
13,0,10.0,0,0,0,0,0,0,0,0,0,0,0,4.3,0.0,1.0
19,0,105.0,0,0,0,0,0,,,,,,,,0.0,1.0
3,0,0.0,0,0,0,0,0,0,0,0,0,0,0,-0.2,0.0,1.0
14,0,4.0,0,0,0,0,0,0,0,0,1,0,0,0.0,0.0,1.0
7,0,6.0,0,0,0,0,0,0,0,0,0,0,0,-1.5,0.0,1.0
11,0,0.0,0,0,0,0,0,,,,,,,,0.0,1.0
14,0,6.0,0,0,0,0,0,0,0,0,0,1,0,0.0,0.0,1.0
11,0,14.0,0,0,0,0,0,0,0,0,0,0,0,0.4,0.0,1.0
4,0,78.0,0,0,0,0,0,0,0,0,0,0,0,-0.3,0.0,1.0
20,0,0.0,0,0,0,0,0,0,,,,,,,0.0,1.0
17,0,13.0,0,0,0,0,0,0,0,0,0,0,0,2.9,0.0,1.0
18,0,7.0,0,0,0,0,0,0,0,0,,,,,0.0,1.0
8,0,9.0,0,0,0,0,0,0,0,0,0,0,0,1.7,0.0,1.0
7,0,4.0,0,0,0,0,0,0,0,0,0,0,0,0.7,0.0,1.0
12,0,32.0,0,0,0,0,0,0,,,,,,,0.0,1.0
1,1,120.0,4,1,0,1,1,0,1,1,0,0,1,0.0,0.6,0.4
5,0,57.0,0,0,0,0,0,0,0,0,0,0,0,-1.0,0.0,1.0
19,0,0.0,0,0,0,0,0,0,,,,,,,0.0,1.0
16,0,12.0,0,0,0,0,0,0,0,0,0,0,0,1.4,0.0,1.0
6,0,2.0,0,0,0,0,0,0,0,0,0,0,0,4.2,0.0,1.0
2,0,14.0,2,0,1,0,0,1,0,0,0,0,0,-0.6,0.4,0.6
9,0,8.0,0,0,0,0,0,0,0,0,0,0,0,1.8,0.0,1.0
10,0,13.0,0,0,0,0,0,0,,,,,,,0.0,1.0
13,0,0.0,0,0,0,0,0,0,0,0,0,0,0,-1.8,0.0,1.0
3,0,137.0,0,0,0,0,0,0,0,0,1,0,0,2.7,0.0,1.0
1,0,88.0,0,0,0,0,0,0,0,0,0,0,0,-0.3,0.0,1.0
12,0,7.0,0,0,0,0,0,0,0,0,0,,,,0.0,1.0
19,0,0.0,0,0,0,0,0,0,0,,,,,,0.0,1.0
0,0,72.0,0,0,0,0,0,0,0,0,0,0,0,-1.7,0.0,1.0
2,1,133.0,5,1,1,0,1,1,0,1,1,0,0,0.0,0.6666666666666666,0.3333333333333333
3,0,100.0,0,0,0,0,0,0,0,0,0,0,0,0.7,0.0,1.0
10,0,6.0,0,0,0,0,0,0,0,0,0,0,0,1.2,0.0,1.0
18,0,0.0,0,0,0,0,0,0,0,,,,,,0.0,1.0
5,0,10.0,0,0,0,0,0,0,0,0,0,0,0,2.5,0.0,1.0
15,0,12.0,0,0,0,0,0,0,0,0,0,0,0,2.0,0.0,1.0
4,0,2.0,0,0,0,0,0,0,0,0,0,0,0,3.8,0.0,1.0
7,0,14.0,0,0,0,0,0,0,0,0,0,0,0,0.0,0.0,1.0
16,0,12.0,0,0,0,0,0,0,0,0,0,0,1,-0.3,0.0,1.0
17,0,13.0,0,0,0,0,0,0,0,0,0,0,0,3.1,0.0,1.0
6,0,18.0,2,0,0,1,0,0,1,0,0,0,0,-0.7,0.3333333333333333,0.6666666666666666
14,0,0.0,0,0,0,0,0,0,0,0,0,0,0,-1.5,0.0,1.0
9,0,162.0,0,0,0,0,0,0,0,0,0,1,0,2.6,0.0,1.0
11,0,16.0,0,0,0,0,0,0,0,0,0,0,0,2.2,0.0,1.0
1,1,100.0,6,1,1,1,0,1,1,0,1,1,0,0.3,0.7142857142857143,0.2857142857142857
11,0,0.0,0,0,0,0,0,0,0,0,,,,,0.0,1.0
4,0,111.0,0,0,0,0,0,0,0,0,0,0,1,1.4,0.0,1.0
13,0,14.0,0,0,0,0,0,0,0,0,0,0,0,-0.1,0.0,1.0
10,0,0.0,0,0,0,0,0,0,0,0,0,0,,,0.0,1.0
6,0,0.0,0,0,0,0,0,0,0,0,0,0,0,1.8,0.0,1.0
12,0,26.0,0,0,0,0,0,0,0,0,0,0,0,-0.1,0.0,1.0
7,0,87.0,0,0,0,0,0,0,0,0,0,0,0,-0.5,0.0,1.0
17,0,19.0,0,0,0,0,0,0,0,0,0,0,0,4.2,0.0,1.0
8,0,151.0,0,0,0,0,0,0,0,0,0,0,0,3.5,0.0,1.0
14,0,7.0,0,0,0,0,0,0,0,0,0,0,0,2.1,0.0,1.0
3,0,16.0,0,0,0,0,0,0,0,0,0,0,0,0.3,0.0,1.0
18,0,2.0,0,0,0,0,0,0,0,0,,,,,0.0,1.0
9,0,13.0,0,0,0,0,0,0,0,0,0,0,0,2.0,0.0,1.0
20,0,18.0,0,0,0,0,0,0,0,0,,,,,0.0,1.0
16,0,16.0,0,0,0,0,0,0,0,0,0,0,0,-1.3,0.0,1.0
15,0,10.0,0,0,0,0,0,0,0,0,0,0,0,-3.1,0.0,1.0
5,0,37.0,0,0,0,0,0,0,0,0,,,,,0.0,1.0
19,0,14.0,0,0,0,0,0,0,0,0,0,0,0,1.4,0.0,1.0
2,0,6.0,2,0,0,0,1,0,0,1,0,0,0,-0.3,0.2857142857142857,0.7142857142857143
13,0,22.0,0,0,0,0,0,0,0,0,0,0,0,2.1,0.0,1.0
12,0,2.0,0,0,0,0,0,0,0,0,0,0,0,2.4,0.0,1.0
19,0,16.0,0,0,0,0,0,0,0,0,0,0,0,2.4,0.0,1.0
18,0,13.0,0,0,0,0,0,0,0,0,0,,,,0.0,1.0
7,0,7.0,0,0,0,0,0,0,0,0,0,0,0,,0.0,1.0
14,0,21.0,0,0,0,0,0,0,0,0,0,0,0,4.5,0.0,1.0
11,0,0.0,0,0,0,0,0,0,0,0,0,0,0,-1.0,0.0,1.0
6,0,16.0,0,0,0,0,0,0,0,0,0,0,0,0.3,0.0,1.0
9,0,126.0,0,0,0,0,0,0,0,0,0,0,0,-0.5,0.0,1.0
15,0,14.0,0,0,0,0,0,0,0,0,0,0,0,-0.3,0.0,1.0
2,1,197.0,1,0,0,0,0,0,0,0,0,0,0,1.3,0.0,1.0
4,0,166.0,6,1,1,1,1,0,1,1,0,1,1,0.4,0.75,0.25
1,0,123.0,0,0,0,0,0,0,0,0,0,0,0,0.3,0.0,1.0
8,0,10.0,0,0,0,0,0,0,0,0,0,0,0,2.3,0.0,1.0
10,0,105.0,0,0,0,0,0,0,0,0,0,0,0,-3.4,0.0,1.0
0,0,1.0,0,0,0,0,0,0,0,0,0,,,,0.0,1.0
17,0,0.0,0,0,0,0,0,0,0,0,0,,,,0.0,1.0
16,0,6.0,0,0,0,0,0,0,0,0,0,0,0,2.2,0.0,1.0
3,0,187.0,2,0,0,0,0,1,0,0,1,0,0,-0.3,0.25,0.75
5,0,43.0,0,0,0,0,0,0,0,0,0,,,,0.0,1.0
3,0,123.0,0,0,0,0,0,0,0,0,0,0,0,0.0,0.0,1.0
20,0,0.0,0,0,0,0,0,0,0,0,0,0,,,0.0,1.0
5,0,12.0,0,0,0,0,0,0,0,0,0,0,0,1.7,0.0,1.0
13,0,22.0,0,0,0,0,0,0,0,0,0,0,0,3.2,0.0,1.0
17,0,6.0,0,0,0,0,0,0,0,0,0,0,0,1.6,0.0,1.0
1,0,30.0,2,0,0,0,0,0,1,0,0,1,0,-0.1,0.2222222222222222,0.7777777777777778
18,0,25.0,0,0,0,0,0,0,0,0,0,0,0,4.0,0.0,1.0
8,0,55.0,0,0,0,0,0,0,0,0,0,0,,,0.0,1.0
12,0,17.0,0,0,0,0,0,0,0,0,0,0,0,-0.3,0.0,1.0
6,0,136.0,0,0,0,0,0,0,0,0,0,0,0,0.4,0.0,1.0
19,0,1.0,0,0,0,0,0,0,0,0,0,0,,,0.0,1.0
10,0,14.0,0,0,0,0,0,0,0,0,0,0,0,-0.1,0.0,1.0
2,1,184.0,7,0,1,1,1,1,0,1,1,0,1,0.3,0.6666666666666666,0.3333333333333333
9,0,13.0,0,0,0,0,0,0,0,0,0,0,,,0.0,1.0
4,0,223.0,1,1,0,0,0,0,0,0,0,0,0,1.1,0.1111111111111111,0.8888888888888888
7,0,2.0,0,0,0,0,0,0,0,0,0,0,0,2.4,0.0,1.0
15,0,22.0,0,0,0,0,0,0,0,0,0,0,0,2.1,0.0,1.0
1,0,25.0,7,1,0,1,1,1,1,0,1,1,0,0.4,0.7,0.3
5,0,18.0,0,0,0,0,0,0,0,0,0,0,0,0.0,0.0,1.0
15,0,27.0,0,0,0,0,0,0,0,0,0,0,0,4.4,0.0,1.0
6,0,22.0,0,0,0,0,0,0,0,0,0,0,0,-1.3,0.0,1.0
16,0,0.0,0,0,0,0,0,0,0,0,0,0,0,,0.0,1.0
2,1,15.0,2,0,1,0,0,0,0,0,0,0,0,0.7,0.1,0.9
11,0,225.0,0,0,0,0,0,0,0,0,0,0,0,0.8,0.0,1.0
17,0,184.0,0,0,0,0,0,0,0,0,0,0,0,0.5,0.0,1.0
12,0,120.0,0,0,0,0,0,0,0,0,0,0,0,-4.4,0.0,1.0
14,0,55.0,0,0,0,0,0,0,0,0,0,0,0,1.7,0.0,1.0
18,0,8.0,0,0,0,0,0,0,0,0,0,0,0,-0.4,0.0,1.0
4,0,22.0,0,0,0,0,0,0,0,0,0,0,0,0.8,0.0,1.0
7,0,38.0,0,0,0,0,0,0,0,0,0,0,0,3.5,0.0,1.0
20,0,162.0,0,0,0,0,0,0,0,0,0,0,0,-0.7,0.0,1.0
1,0,250.0,2,1,0,1,0,0,0,0,0,0,0,0.7,0.18181818181818182,0.8181818181818182
7,0,63.0,0,0,0,0,0,0,0,0,0,0,0,,0.0,1.0
14,0,132.0,0,0,0,0,0,0,0,0,0,0,0,-4.3,0.0,1.0
2,0,17.0,2,0,0,0,0,0,0,0,1,0,0,0.1,0.2,0.8
19,0,0.0,0,0,0,0,0,0,0,0,0,0,0,0.1,0.0,1.0
4,0,156.0,0,0,0,0,0,0,0,0,0,0,0,0.0,0.0,1.0
13,0,18.0,0,0,0,0,0,0,0,0,0,0,0,3.2,0.0,1.0
18,0,31.0,0,0,0,0,0,0,0,0,0,0,0,4.8,0.0,1.0
16,0,24.0,0,0,0,0,0,0,0,0,0,0,0,1.3,0.0,1.0
11,0,18.0,0,0,0,0,0,0,0,0,0,0,0,-0.1,0.0,1.0
5,0,181.0,0,0,0,0,0,0,0,0,0,0,0,1.2,0.0,1.0
17,0,16.0,0,0,0,0,0,0,0,0,0,0,0,0.2,0.0,1.0
12,0,13.0,0,0,0,0,0,0,0,0,0,0,0,0.0,0.0,1.0
3,1,188.0,8,0,1,0,1,1,1,1,0,1,1,-0.3,0.6363636363636364,0.36363636363636365
15,0,1.0,0,0,0,0,0,0,0,0,0,0,0,0.8,0.0,1.0
8,0,22.0,0,0,0,0,0,0,0,0,0,0,0,3.4,0.0,1.0
6,0,27.0,0,0,0,0,0,0,0,0,0,0,0,0.2,0.0,1.0
10,0,17.0,0,0,0,0,0,0,0,0,0,0,0,-0.8,0.0,1.0
20,0,8.0,0,0,0,0,0,0,0,0,0,0,0,1.2,0.0,1.0
3,0,203.0,8,1,0,1,0,1,1,1,1,0,1,-0.3,0.6666666666666666,0.3333333333333333
4,0,58.0,2,0,0,0,0,0,0,0,0,1,0,-0.6,0.18181818181818182,0.8181818181818182
17,0,21.0,0,0,0,0,0,0,0,0,0,0,0,0.3,0.0,1.0
2,0,181.0,0,0,0,0,0,0,0,0,0,0,0,1.7,0.0,1.0
12,0,18.0,0,0,0,0,0,0,0,0,0,0,0,-0.3,0.0,1.0
14,0,1.0,0,0,0,0,0,0,0,0,0,0,0,0.3,0.0,1.0
7,0,24.0,0,0,0,0,0,0,0,0,0,0,0,2.1,0.0,1.0
10,0,8.0,0,0,0,0,0,0,0,0,0,0,0,0.7,0.0,1.0
16,0,31.0,0,0,0,0,0,0,0,0,0,0,0,4.2,0.0,1.0
6,0,21.0,0,0,0,0,0,0,0,0,0,0,0,-0.6,0.0,1.0
9,0,1.0,0,0,0,0,0,0,0,0,0,0,0,-1.1,0.0,1.0
18,0,26.0,0,0,0,0,0,0,0,0,0,0,0,0.2,0.0,1.0
1,1,169.0,1,0,0,0,0,0,0,0,0,0,0,-0.1,0.0,1.0
19,0,19.0,0,0,0,0,0,0,0,0,0,0,0,2.9,0.0,1.0
13,0,33.0,0,0,0,0,0,0,0,0,0,0,0,-0.4,0.0,1.0
0,0,0.0,0,0,0,0,0,0,0,0,0,0,0,-0.3,0.0,1.0
8,0,157.0,0,0,0,0,0,0,0,0,0,0,0,-4.3,0.0,1.0
11,0,65.0,0,0,0,0,0,0,0,0,0,0,0,,0.0,1.0
9,0,31.0,0,0,0,0,0,0,0,0,0,0,0,4.4,0.0,1.0
15,0,0.0,0,0,0,0,0,0,0,0,0,0,0,-2.1,0.0,1.0
17,0,33.0,0,0,0,0,0,0,0,0,0,0,0,-0.5,0.0,1.0
16,0,65.0,0,0,0,0,0,0,0,0,0,0,0,-1.4,0.0,1.0
18,0,25.0,0,0,0,0,0,0,0,0,0,0,0,1.8,0.0,1.0
5,0,8.0,0,0,0,0,0,0,0,0,0,0,0,-0.4,0.0,1.0
0,0,31.0,0,0,0,0,0,0,0,0,0,0,0,-2.0,0.0,1.0
1,1,169.0,2,1,0,0,0,0,0,0,0,0,0,-0.1,0.09090909090909091,0.9090909090909091
8,0,27.0,0,0,0,0,0,0,0,0,0,0,0,1.2,0.0,1.0
3,0,58.0,2,0,0,0,0,0,0,0,0,0,1,-0.7,0.16666666666666666,0.8333333333333334
14,0,3.0,0,0,0,0,0,0,0,0,0,0,0,0.1,0.0,1.0
19,0,284.0,2,0,0,1,0,1,0,0,0,0,0,0.5,0.16666666666666666,0.8333333333333334
6,0,18.0,0,0,0,0,0,0,0,0,0,0,0,0.0,0.0,1.0
4,0,185.0,0,0,0,0,0,0,0,0,0,0,0,1.5,0.0,1.0
10,0,34.0,0,0,0,0,0,0,0,0,0,0,0,-0.3,0.0,1.0
13,0,1.0,0,0,0,0,0,0,0,0,0,0,0,-1.7,0.0,1.0
2,0,221.0,8,0,1,0,1,0,1,1,1,1,0,-0.3,0.6153846153846154,0.38461538461538464
1,0,194.0,2,1,1,0,0,0,0,0,0,0,0,0.1,0.16666666666666666,0.8333333333333334
4,0,296.0,2,0,0,0,1,0,1,0,0,0,0,1.5,0.15384615384615385,0.8461538461538461
8,0,18.0,0,0,0,0,0,0,0,0,0,0,0,-0.3,0.0,1.0
5,0,58.0,2,0,0,0,0,0,0,0,0,0,0,-0.5,0.15384615384615385,0.8461538461538461
17,0,1.0,0,0,0,0,0,0,0,0,0,0,0,-2.0,0.0,1.0
10,0,42.0,0,0,0,0,0,0,0,0,0,0,0,-0.6,0.0,1.0
6,0,27.0,0,0,0,0,0,0,0,0,0,0,0,2.4,0.0,1.0
19,0,0.0,0,0,0,0,0,0,0,0,0,0,0,-0.7,0.0,1.0
14,0,19.0,0,0,0,0,0,0,0,0,0,0,0,3.6,0.0,1.0
7,0,34.0,0,0,0,0,0,0,0,0,0,0,0,3.2,0.0,1.0
20,0,8.0,0,0,0,0,0,0,0,0,0,0,0,-0.4,0.0,1.0
9,0,69.0,0,0,0,0,0,0,0,0,0,0,0,-0.4,0.0,1.0
16,0,31.0,0,0,0,0,0,0,0,0,0,0,0,3.7,0.0,1.0
13,0,200.0,0,0,0,0,0,0,0,0,0,0,0,-4.0,0.0,1.0
11,0,33.0,0,0,0,0,0,0,0,0,0,0,0,0.1,0.0,1.0
3,1,200.0,1,0,0,0,0,0,0,0,0,0,0,0.6,0.0,1.0
2,0,231.0,8,0,0,1,0,1,0,1,1,1,1,-0.4,0.5714285714285714,0.42857142857142855
16,0,33.0,0,0,0,0,0,0,0,0,0,0,0,0.4,0.0,1.0
7,0,69.0,0,0,0,0,0,0,0,0,0,0,0,-0.5,0.0,1.0
1,0,194.0,2,0,1,1,0,0,0,0,0,0,0,0.1,0.15384615384615385,0.8461538461538461
5,0,34.0,0,0,0,0,0,0,0,0,0,0,0,2.7,0.0,1.0
19,0,19.0,0,0,0,0,0,0,0,0,0,0,0,3.2,0.0,1.0
2,1,249.0,9,0,0,0,1,0,1,0,1,1,1,-0.7,0.5333333333333333,0.4666666666666667
14,0,31.0,0,0,0,0,0,0,0,0,0,0,0,3.6,0.0,1.0
15,0,34.0,0,0,0,0,0,0,0,0,0,0,0,-2.5,0.0,1.0
6,0,20.0,0,0,0,0,0,0,0,0,0,0,0,-0.5,0.0,1.0
9,0,322.0,2,0,0,0,0,1,0,1,0,0,0,1.6,0.14285714285714285,0.8571428571428571
12,0,52.0,0,0,0,0,0,0,0,0,0,0,0,-1.1,0.0,1.0
0,0,33.0,0,0,0,0,0,0,0,0,0,0,0,2.4,0.0,1.0
4,0,58.0,2,0,0,0,0,0,0,0,0,0,0,-0.5,0.14285714285714285,0.8571428571428571
11,0,35.0,0,0,0,0,0,0,0,0,0,0,0,2.5,0.0,1.0
13,0,215.0,0,0,0,0,0,0,0,0,0,0,0,-4.0,0.0,1.0
14,0,274.0,0,0,0,0,0,0,0,0,0,0,0,3.9,0.0,1.0
2,0,37.0,2,0,0,1,1,0,0,0,0,0,0,-0.4,0.14285714285714285,0.8571428571428571
7,0,66.0,0,0,0,0,0,0,0,0,0,0,0,2.4,0.0,1.0
11,0,0.0,0,0,0,0,0,0,0,0,0,0,0,-1.6,0.0,1.0
18,0,1.0,0,0,0,0,0,0,0,0,0,0,0,0.0,0.0,1.0
13,0,21.0,0,0,0,0,0,0,0,0,0,0,0,-2.3,0.0,1.0
10,0,34.0,0,0,0,0,0,0,0,0,0,0,0,-1.2,0.0,1.0
3,1,338.0,3,0,0,0,0,0,0,0,0,0,0,-0.2,0.13333333333333333,0.8666666666666667
17,0,35.0,0,0,0,0,0,0,0,0,0,0,0,3.0,0.0,1.0
9,0,212.0,0,0,0,0,0,0,0,0,0,0,0,0.3,0.0,1.0
8,0,75.0,0,0,0,0,0,0,0,0,0,0,0,-0.3,0.0,1.0
19,0,31.0,0,0,0,0,0,0,0,0,0,0,0,-3.5,0.0,1.0
0,0,8.0,0,0,0,0,0,0,0,0,0,0,0,-0.3,0.0,1.0
12,0,64.0,0,0,0,0,0,0,0,0,0,0,0,3.8,0.0,1.0
4,0,212.0,9,1,0,0,0,1,0,1,0,1,1,-0.6,0.5625,0.4375
1,0,20.0,1,0,1,0,0,0,0,0,0,0,0,0.9,0.06666666666666667,0.9333333333333333
6,0,4.0,0,0,0,0,0,0,0,0,0,0,0,1.9,0.0,1.0
12,0,236.0,0,0,0,0,0,0,0,0,0,0,0,0.4,0.0,1.0
4,0,34.0,2,0,0,0,0,0,0,1,0,1,0,2.0,0.13333333333333333,0.8666666666666667
20,0,8.0,0,0,0,0,0,0,0,0,0,0,0,-2.2,0.0,1.0
3,1,230.0,10,0,1,0,0,0,1,0,1,0,1,-0.6,0.5294117647058824,0.47058823529411764
16,0,77.0,0,0,0,0,0,0,0,0,0,0,0,3.3,0.0,1.0
10,0,74.0,0,0,0,0,0,0,0,0,0,0,0,0.8,0.0,1.0
17,0,31.0,0,0,0,0,0,0,0,0,0,0,0,-3.2,0.0,1.0
13,0,76.0,0,0,0,0,0,0,0,0,0,0,0,0.2,0.0,1.0
7,0,34.0,0,0,0,0,0,0,0,0,0,0,0,2.2,0.0,1.0
11,0,35.0,0,0,0,0,0,0,0,0,0,0,0,3.9,0.0,1.0
9,0,289.0,0,0,0,0,0,0,0,0,0,0,0,4.3,0.0,1.0
2,0,20.0,1,0,0,1,0,0,0,0,0,0,0,0.6,0.0625,0.9375
18,0,38.0,0,0,0,0,0,0,0,0,0,0,0,-1.4,0.0,1.0
15,0,0.0,0,0,0,0,0,0,0,0,0,0,0,-1.8,0.0,1.0
1,0,43.0,2,0,0,0,1,1,0,0,0,0,0,-0.8,0.13333333333333333,0.8666666666666667
19,0,1.0,0,0,0,0,0,0,0,0,0,0,0,0.0,0.0,1.0
6,0,363.0,3,1,0,0,0,0,0,0,0,0,0,0.1,0.1875,0.8125
5,0,4.0,0,0,0,0,0,0,0,0,0,0,0,1.9,0.0,1.0
17,0,37.0,0,0,0,0,0,0,0,0,0,0,0,-1.9,0.0,1.0
16,0,84.0,0,0,0,0,0,0,0,0,0,0,0,-1.6,0.0,1.0
1,1,35.0,4,0,1,0,0,0,0,0,0,0,0,0.2,0.17647058823529413,0.8235294117647058
4,0,230.0,2,0,0,0,0,1,1,0,0,0,0,-1.1,0.125,0.875
6,0,44.0,0,0,0,0,0,0,0,0,0,0,0,2.3,0.0,1.0
11,0,20.0,0,0,0,0,0,0,0,0,0,0,0,0.8,0.0,1.0
18,0,4.0,0,0,0,0,0,0,0,0,0,0,0,-0.1,0.0,1.0
3,0,381.0,2,0,0,0,0,0,0,0,1,0,1,1.9,0.125,0.875
15,0,1.0,0,0,0,0,0,0,0,0,0,0,0,-1.0,0.0,1.0
7,0,46.0,0,0,0,0,0,0,0,0,0,0,0,1.3,0.0,1.0
9,0,8.0,0,0,0,0,0,0,0,0,0,0,0,0.6,0.0,1.0
13,0,21.0,0,0,0,0,0,0,0,0,0,0,0,4.1,0.0,1.0
0,0,41.0,0,0,0,0,0,0,0,0,0,0,0,3.9,0.0,1.0
8,0,77.0,0,0,0,0,0,0,0,0,0,0,0,-0.5,0.0,1.0
12,0,249.0,0,0,0,0,0,0,0,0,0,0,0,-2.1,0.0,1.0
10,0,34.0,0,0,0,0,0,0,0,0,0,0,0,1.0,0.0,1.0
14,0,31.0,0,0,0,0,0,0,0,0,0,0,0,3.3,0.0,1.0
5,0,314.0,10,1,0,1,0,0,0,1,0,1,0,-0.4,0.5555555555555556,0.4444444444444444
10,0,95.0,0,0,0,0,0,0,0,0,0,0,0,-0.5,0.0,1.0
20,0,54.0,0,0,0,0,0,0,0,0,0,0,0,1.2,0.0,1.0
9,0,249.0,0,0,0,0,0,0,0,0,0,0,0,-1.0,0.0,1.0
19,0,0.0,0,0,0,0,0,0,0,0,0,0,0,-2.1,0.0,1.0
5,0,46.0,0,0,0,0,0,0,0,0,0,0,0,2.1,0.0,1.0
18,0,14.0,0,0,0,0,0,0,0,0,0,0,0,-0.2,0.0,1.0
12,0,84.0,0,0,0,0,0,0,0,0,0,0,0,-0.8,0.0,1.0
1,1,387.0,3,0,0,0,0,0,0,0,0,1,0,1.5,0.11764705882352941,0.8823529411764706
2,0,260.0,1,0,0,0,0,1,0,0,0,0,0,0.7,0.058823529411764705,0.9411764705882353
7,0,1.0,0,0,0,0,0,0,0,0,0,0,0,-1.3,0.0,1.0
16,0,21.0,0,0,0,0,0,0,0,0,0,0,0,3.7,0.0,1.0
11,0,8.0,0,0,0,0,0,0,0,0,0,0,0,1.2,0.0,1.0
13,0,20.0,0,0,0,0,0,0,0,0,0,0,0,1.0,0.0,1.0
14,0,230.0,2,0,0,0,0,0,1,1,0,0,0,-1.1,0.11764705882352941,0.8823529411764706
17,0,43.0,0,0,0,0,0,0,0,0,0,0,0,3.4,0.0,1.0
15,0,45.0,0,0,0,0,0,0,0,0,0,0,0,2.6,0.0,1.0
3,0,314.0,10,0,1,0,1,0,0,0,1,0,1,0.0,0.5263157894736842,0.47368421052631576
8,0,37.0,0,0,0,0,0,0,0,0,0,0,0,-1.4,0.0,1.0
6,0,35.0,0,0,0,0,0,0,0,0,0,0,0,0.3,0.0,1.0
11,0,37.0,0,0,0,0,0,0,0,0,0,0,0,0.6,0.0,1.0
19,0,0.0,0,0,0,0,0,0,0,0,0,0,0,-1.8,0.0,1.0
10,0,49.0,0,0,0,0,0,0,0,0,0,0,0,3.0,0.0,1.0
16,0,92.0,0,0,0,0,0,0,0,0,0,0,0,0.2,0.0,1.0
6,0,95.0,0,0,0,0,0,0,0,0,0,0,0,0.1,0.0,1.0
17,0,37.0,0,0,0,0,0,0,0,0,0,0,0,-1.5,0.0,1.0
1,1,326.0,11,0,0,1,0,1,0,0,0,1,0,-0.5,0.5,0.5
18,0,14.0,0,0,0,0,0,0,0,0,0,0,0,0.3,0.0,1.0
8,0,54.0,0,0,0,0,0,0,0,0,0,0,0,2.9,0.0,1.0
13,0,21.0,0,0,0,0,0,0,0,0,0,0,0,4.4,0.0,1.0
7,0,8.0,0,0,0,0,0,0,0,0,0,0,0,1.9,0.0,1.0
9,0,20.0,0,0,0,0,0,0,0,0,0,0,0,0.3,0.0,1.0
14,0,264.0,0,0,0,0,0,0,0,0,0,0,0,-1.0,0.0,1.0
20,0,95.0,4,0,1,0,1,0,0,0,0,0,0,0.2,0.2222222222222222,0.7777777777777778
4,0,278.0,1,0,0,0,0,0,1,0,0,0,0,-1.0,0.05555555555555555,0.9444444444444444
5,0,52.0,0,0,0,0,0,0,0,0,0,0,0,1.5,0.0,1.0
15,0,1.0,0,0,0,0,0,0,0,0,0,0,0,-1.9,0.0,1.0
3,0,240.0,2,0,0,0,0,0,0,1,1,0,0,-1.4,0.1111111111111111,0.8888888888888888
2,0,413.0,3,1,0,0,0,0,0,0,0,0,1,1.5,0.16666666666666666,0.8333333333333334
9,0,18.0,0,0,0,0,0,0,0,0,0,0,0,0.3,0.0,1.0
19,0,4.0,0,0,0,0,0,0,0,0,0,0,0,1.4,0.0,1.0
13,0,0.0,0,0,0,0,0,0,0,0,0,0,0,3.0,0.0,1.0
3,0,37.0,0,0,0,0,0,0,0,0,0,0,0,1.2,0.0,1.0
17,0,13.0,0,0,0,0,0,0,0,0,0,0,0,3.3,0.0,1.0
6,0,1.0,0,0,0,0,0,0,0,0,0,0,0,-0.7,0.0,1.0
7,0,16.0,0,0,0,0,0,0,0,0,0,0,0,1.4,0.0,1.0
1,1,26.0,1,0,1,0,0,1,0,1,0,0,0,0.2,0.0,1.0
4,0,25.0,1,1,0,0,1,0,1,0,0,0,0,1.9,1.0,0.0
18,0,1.0,0,0,,,,,,,,,,,0.0,1.0
5,0,1.0,0,0,0,0,0,0,0,0,0,1,0,-0.5,0.0,1.0
0,0,18.0,0,0,0,0,0,0,0,0,0,0,0,-2.3,0.0,1.0
20,0,6.0,0,0,0,0,0,0,0,0,0,0,0,-0.7,0.0,1.0
3,0,33.0,0,0,0,0,0,0,0,0,0,0,0,2.1,0.0,1.0
12,0,0.0,0,0,0,0,0,0,0,0,0,0,0,1.2,0.0,1.0
2,0,18.0,1,0,1,0,0,1,0,1,0,0,0,2.7,0.5,0.5
6,0,63.0,0,0,0,0,0,0,0,0,0,0,1,-0.9,0.0,1.0
13,0,0.0,0,0,0,0,0,0,0,0,0,0,0,-1.7,0.0,1.0
15,0,0.0,0,0,0,,,,,,,,,,0.0,1.0
7,0,15.0,0,0,0,0,1,0,0,0,0,0,0,1.4,0.0,1.0
14,0,9.0,0,0,0,0,0,0,0,0,0,0,0,2.2,0.0,1.0
8,0,1.0,0,0,0,0,0,0,0,0,0,0,0,0.9,0.0,1.0
4,0,4.0,0,0,0,0,0,0,0,0,0,0,0,3.9,0.0,1.0
19,0,0.0,0,0,0,0,0,0,0,0,0,0,0,1.9,0.0,1.0
9,0,58.0,0,0,0,0,0,0,0,0,0,0,0,0.4,0.0,1.0
17,0,22.0,0,0,0,0,0,0,0,0,0,0,0,3.5,0.0,1.0
1,1,22.0,2,1,0,1,0,0,1,0,1,0,0,0.1,0.5,0.5
0,0,15.0,0,0,0,0,0,0,0,0,0,0,0,-0.2,0.0,1.0
11,0,26.0,0,0,0,0,0,0,0,0,0,0,0,1.8,0.0,1.0
18,0,1.0,0,0,0,0,,,,,,,,,0.0,1.0
3,0,96.0,0,0,0,0,0,1,0,0,0,0,0,1.8,0.0,1.0
17,0,1.0,0,0,0,0,0,0,0,0,0,0,0,-3.8,0.0,1.0
20,0,0.0,0,0,0,0,0,0,0,0,0,0,0,0.0,0.0,1.0
12,0,0.0,0,0,0,0,0,0,0,0,0,0,0,-1.1,0.0,1.0
10,0,0.0,0,0,0,0,0,0,0,0,0,0,1,-2.4,0.0,1.0
4,0,36.0,0,0,0,0,0,0,0,0,0,0,0,-1.4,0.0,1.0
7,0,22.0,0,0,0,0,0,0,0,0,0,0,0,0.1,0.0,1.0
9,0,2.0,0,0,0,0,0,0,0,0,0,0,0,1.9,0.0,1.0
11,0,12.0,0,0,0,0,0,0,0,0,0,0,0,0.2,0.0,1.0
2,0,33.0,1,0,0,1,0,0,1,0,1,0,0,2.5,0.3333333333333333,0.6666666666666666
8,0,52.0,0,0,0,0,0,0,0,0,0,0,0,2.1,0.0,1.0
6,0,20.0,0,0,0,0,0,0,0,0,0,0,0,1.9,0.0,1.0
1,1,15.0,3,1,1,0,1,0,0,1,0,1,0,0.2,0.6666666666666666,0.3333333333333333
16,0,0.0,0,0,0,0,0,0,0,0,0,0,0,0.5,0.0,1.0
15,0,10.0,0,0,0,0,0,0,0,0,0,0,0,2.0,0.0,1.0
5,0,88.0,0,0,0,0,0,0,0,0,0,0,0,0.4,0.0,1.0
14,0,12.0,0,0,0,0,0,0,0,0,0,0,0,1.5,0.0,1.0
12,0,107.0,0,0,0,0,0,0,0,0,0,0,0,0.0,0.0,1.0
6,0,1.0,0,0,0,0,0,0,0,0,0,0,0,1.0,0.0,1.0
7,0,22.0,0,0,0,0,0,0,0,0,0,0,0,0.0,0.0,1.0
20,0,36.0,0,0,0,0,0,0,0,0,0,0,0,0.1,0.0,1.0
19,0,16.0,0,0,0,0,0,0,0,0,0,0,0,2.1,0.0,1.0
15,0,0.0,0,0,0,0,0,0,0,0,0,0,0,0.9,0.0,1.0
2,0,38.0,3,1,1,1,0,1,0,0,1,0,1,0.4,0.75,0.25
18,0,10.0,0,0,0,0,0,,,,,,,,0.0,1.0
9,0,2.0,0,0,0,0,0,0,0,0,0,0,0,-0.7,0.0,1.0
13,0,0.0,0,0,0,0,0,0,0,0,0,0,0,-3.3,0.0,1.0
4,1,20.0,1,0,0,0,0,0,1,0,0,0,0,2.0,0.0,1.0
8,0,73.0,0,0,0,0,0,0,0,0,0,0,0,-1.3,0.0,1.0
11,0,2.0,0,0,0,0,0,0,0,0,0,0,0,-2.6,0.0,1.0
10,0,45.0,0,0,0,0,0,0,0,0,0,0,0,-0.2,0.0,1.0
5,0,28.0,0,0,0,0,0,0,0,0,0,0,0,1.9,0.0,1.0
16,0,0.0,0,0,0,0,0,0,0,0,0,0,0,2.8,0.0,1.0
1,0,0.0,1,0,0,0,1,0,0,1,0,1,0,1.5,0.25,0.75
5,0,1.0,0,0,0,0,0,0,0,0,0,0,0,1.3,0.0,1.0
10,0,32.0,0,0,0,0,0,0,0,0,0,0,0,-0.7,0.0,1.0
16,0,0.0,0,0,0,0,0,0,0,0,0,0,0,-1.3,0.0,1.0
14,0,40.0,0,0,0,0,0,0,0,0,0,0,0,1.6,0.0,1.0
2,0,6.0,1,0,0,0,0,1,0,0,1,0,1,1.3,0.2,0.8
20,0,16.0,0,0,0,0,0,0,0,0,0,0,0,2.6,0.0,1.0
13,0,40.0,0,0,0,0,0,0,0,0,0,0,0,1.4,0.0,1.0
4,0,23.0,0,0,0,0,0,0,0,0,0,0,0,3.5,0.0,1.0
8,0,45.0,0,0,0,0,0,0,0,0,0,0,0,-0.3,0.0,1.0
7,0,132.0,0,0,0,0,0,0,0,0,0,0,0,0.0,0.0,1.0
12,0,0.0,0,0,0,0,0,0,0,0,0,0,0,3.5,0.0,1.0
15,0,14.0,0,0,0,0,0,0,0,0,0,0,0,1.6,0.0,1.0
11,0,2.0,0,0,0,0,0,0,0,0,0,0,0,-2.5,0.0,1.0
17,0,0.0,0,0,0,0,0,0,0,0,0,0,0,-3.3,0.0,1.0
3,0,20.0,1,1,0,0,0,0,0,1,0,0,0,1.2,0.25,0.75
18,0,0.0,0,0,0,0,0,0,0,0,0,0,0,0.7,0.0,1.0
6,0,2.0,0,0,0,0,0,0,0,0,0,0,0,0.2,0.0,1.0
19,0,16.0,0,0,0,0,0,0,,,,,,,0.0,1.0
1,1,39.0,4,0,1,1,1,0,1,0,0,1,0,0.3,0.6,0.4
1,1,45.0,5,1,0,1,1,1,0,1,0,0,1,0.2,0.6666666666666666,0.3333333333333333
16,0,48.0,0,0,0,0,0,0,0,0,0,0,0,3.1,0.0,1.0
3,0,33.0,1,0,1,0,0,0,0,0,1,0,0,1.2,0.2,0.8
17,0,0.0,0,0,0,0,0,0,0,0,0,0,0,-4.1,0.0,1.0
13,0,107.0,0,0,0,0,0,0,0,0,0,0,0,-0.8,0.0,1.0
8,0,23.0,0,0,0,0,0,0,0,0,0,0,0,2.3,0.0,1.0
14,0,2.0,0,0,0,0,0,0,0,0,0,0,0,-1.2,0.0,1.0
12,0,33.0,0,0,0,0,0,0,0,0,0,0,0,-0.8,0.0,1.0
6,0,18.0,0,0,0,0,0,0,0,0,0,0,0,2.1,0.0,1.0
10,0,45.0,0,0,0,0,0,0,0,0,0,0,0,-0.4,0.0,1.0
20,0,0.0,0,0,0,0,0,0,0,0,0,0,0,-0.8,0.0,1.0
4,0,42.0,0,0,0,0,0,0,0,0,0,0,0,1.5,0.0,1.0
11,0,0.0,0,0,0,0,0,0,0,0,0,0,0,2.8,0.0,1.0
9,0,1.0,0,0,0,0,0,0,0,0,0,0,0,1.1,0.0,1.0
2,0,6.0,1,0,0,0,0,0,1,0,0,1,0,1.0,0.16666666666666666,0.8333333333333334
5,0,2.0,0,0,0,0,0,0,0,0,0,0,0,-0.2,0.0,1.0
19,0,16.0,0,0,0,0,0,0,0,,,,,,0.0,1.0
11,0,0.0,0,0,0,0,0,0,0,0,0,0,0,2.4,0.0,1.0
4,0,41.0,0,0,0,0,0,0,0,0,0,0,0,1.7,0.0,1.0
19,0,0.0,0,0,0,0,0,0,0,0,0,0,0,0.8,0.0,1.0
10,1,34.0,1,0,0,0,0,0,0,0,0,0,0,-0.6,0.0,1.0
12,0,43.0,0,0,0,0,0,0,0,0,0,0,0,2.0,0.0,1.0
3,0,164.0,0,0,0,0,0,0,0,0,0,0,0,-0.1,0.0,1.0
6,0,45.0,0,0,0,0,0,0,0,0,0,0,0,0.2,0.0,1.0
2,0,6.0,1,0,0,0,0,0,0,1,0,0,1,0.8,0.14285714285714285,0.8571428571428571
18,0,30.0,0,0,0,0,0,0,0,0,0,0,0,3.3,0.0,1.0
8,0,1.0,0,0,0,0,0,0,0,0,0,0,0,0.8,0.0,1.0
9,0,4.0,0,0,0,0,0,0,0,0,0,0,0,-0.3,0.0,1.0
7,0,57.0,0,0,0,0,0,0,0,0,0,0,0,0.9,0.0,1.0
1,0,57.0,5,1,1,0,1,1,1,0,1,0,0,0.0,0.7142857142857143,0.2857142857142857
16,0,0.0,0,0,0,0,0,0,0,0,0,0,0,-3.6,0.0,1.0
14,0,48.0,0,0,0,0,0,0,0,0,0,0,0,3.3,0.0,1.0
20,0,16.0,0,0,0,0,0,0,0,0,,,,,0.0,1.0
8,0,57.0,0,0,0,0,0,0,0,0,0,0,0,0.5,0.0,1.0
11,0,49.0,0,0,0,0,0,0,0,0,0,0,0,0.3,0.0,1.0
12,0,0.0,0,0,0,0,0,0,0,0,0,0,0,2.8,0.0,1.0
15,0,0.0,0,0,0,0,0,0,0,0,0,0,0,-3.3,0.0,1.0
4,0,10.0,0,0,0,0,0,0,0,0,0,0,0,-1.0,0.0,1.0
2,0,6.0,1,0,0,0,0,0,0,0,1,0,0,0.2,0.125,0.875
5,0,135.0,0,0,0,0,0,0,0,0,0,0,0,-0.7,0.0,1.0
7,0,41.0,0,0,0,0,0,0,0,0,0,0,0,0.2,0.0,1.0
14,0,2.0,0,0,0,0,0,0,0,0,0,0,0,-1.3,0.0,1.0
13,0,63.0,0,0,0,0,0,0,0,0,0,0,0,3.3,0.0,1.0
1,1,65.0,6,0,1,1,0,1,1,1,0,1,0,-0.9,0.625,0.375
18,0,2.0,0,0,0,0,0,0,0,0,0,0,0,1.1,0.0,1.0
10,0,58.0,0,0,0,0,0,0,0,0,0,0,0,-0.6,0.0,1.0
5,0,57.0,0,0,0,0,0,0,0,0,0,0,0,0.6,0.0,1.0
17,0,36.0,0,0,0,0,0,0,0,0,0,0,0,3.4,0.0,1.0
1,0,65.0,6,1,0,1,1,0,1,1,1,0,1,-0.5,0.6666666666666666,0.3333333333333333
18,0,0.0,0,0,0,0,0,0,0,0,0,0,0,-0.1,0.0,1.0
13,0,2.0,0,0,0,0,0,0,0,0,0,0,0,1.5,0.0,1.0
20,0,17.0,0,0,0,0,0,0,0,0,0,0,,,0.0,1.0
3,1,0.0,2,0,0,0,0,0,0,0,0,1,0,0.2,0.1111111111111111,0.8888888888888888
11,0,0.0,0,0,0,0,0,0,0,0,0,0,0,3.2,0.0,1.0
7,0,45.0,0,0,0,0,0,0,0,0,0,0,0,2.7,0.0,1.0
8,0,6.0,0,0,0,0,0,0,0,0,0,0,0,0.6,0.0,1.0
2,0,63.0,1,0,0,0,0,1,0,0,0,0,0,0.7,0.16666666666666666,0.8333333333333334
19,0,64.0,0,0,0,0,0,0,0,0,0,0,0,3.1,0.0,1.0
15,0,14.0,0,0,0,0,0,0,0,0,0,0,0,0.0,0.0,1.0
16,0,0.0,0,0,0,0,0,0,0,0,0,0,0,-3.0,0.0,1.0
4,0,41.0,0,0,0,0,0,0,0,0,0,0,0,0.0,0.0,1.0
14,0,2.0,0,0,0,0,0,0,0,0,0,0,0,-0.8,0.0,1.0
9,0,56.0,1,0,1,0,0,0,0,0,0,0,0,0.2,0.14285714285714285,0.8571428571428571
12,0,68.0,1,0,0,1,0,0,0,0,0,0,0,0.8,0.125,0.875
14,0,36.0,0,0,0,0,0,0,0,0,0,0,0,3.8,0.0,1.0
6,0,57.0,0,0,0,0,0,0,0,0,0,0,0,0.1,0.0,1.0
2,1,65.0,7,0,1,0,1,1,0,1,1,1,0,-0.7,0.6,0.4
10,0,230.0,0,0,0,0,0,0,0,0,0,0,0,0.6,0.0,1.0
15,0,2.0,0,0,0,0,0,0,0,0,0,0,0,0.1,0.0,1.0
9,0,51.0,0,0,0,0,0,0,0,0,0,0,0,1.0,0.0,1.0
4,0,161.0,0,0,0,0,0,0,0,0,0,0,0,0.1,0.0,1.0
13,0,0.0,0,0,0,0,0,0,0,0,0,0,0,2.9,0.0,1.0
3,0,78.0,1,0,0,0,0,0,1,0,0,0,0,0.9,0.14285714285714285,0.8571428571428571
11,0,3.0,0,0,0,0,0,0,0,0,0,0,0,-0.7,0.0,1.0
19,0,64.0,0,0,0,0,0,0,0,0,0,0,0,3.2,0.0,1.0
16,0,0.0,0,0,0,0,0,0,0,0,0,0,0,-2.5,0.0,1.0
20,0,147.0,0,0,0,0,0,0,0,0,0,0,0,-0.6,0.0,1.0
18,0,17.0,0,0,0,0,0,0,0,0,0,0,0,,0.0,1.0
1,1,65.0,8,1,0,1,0,1,1,0,1,1,1,-0.7,0.6363636363636364,0.36363636363636365
14,0,2.0,0,0,0,0,0,0,0,0,0,0,0,0.9,0.0,1.0
4,0,179.0,0,0,0,0,0,0,0,0,0,0,0,-0.2,0.0,1.0
10,0,57.0,0,0,0,0,0,0,0,0,0,0,0,0.8,0.0,1.0
18,0,0.0,0,0,0,0,0,0,0,0,0,0,0,-1.8,0.0,1.0
5,0,59.0,0,0,0,0,0,0,0,0,0,0,0,0.9,0.0,1.0
9,0,74.0,1,0,0,0,1,0,0,0,0,0,0,1.0,0.1111111111111111,0.8888888888888888
17,0,40.0,0,0,0,0,0,0,0,0,0,0,0,3.5,0.0,1.0
13,0,0.0,0,0,0,0,0,0,0,0,0,0,0,2.3,0.0,1.0
15,0,3.0,0,0,0,0,0,0,0,0,0,0,0,0.8,0.0,1.0
19,0,2.0,0,0,0,0,0,0,0,0,0,0,0,-0.1,0.0,1.0
6,0,14.0,0,0,0,0,0,0,0,0,0,0,0,0.6,0.0,1.0
3,0,80.0,1,0,0,0,0,0,0,1,0,0,0,1.0,0.125,0.875
11,0,63.0,0,0,0,0,0,0,0,0,0,0,0,2.5,0.0,1.0
20,0,18.0,0,0,0,0,0,0,0,0,0,0,0,2.9,0.0,1.0
2,0,10.0,2,0,1,0,0,0,0,0,0,0,0,-1.2,0.2,0.8
16,0,64.0,0,0,0,0,0,0,0,0,0,0,0,3.5,0.0,1.0
8,0,75.0,0,0,0,0,0,0,0,0,0,0,0,0.1,0.0,1.0
7,0,256.0,0,0,0,0,0,0,0,0,0,0,0,1.2,0.0,1.0
5,0,57.0,0,0,0,0,0,0,0,0,0,0,0,0.9,0.0,1.0
20,0,40.0,0,0,0,0,0,0,0,0,0,0,0,3.7,0.0,1.0
2,1,69.0,9,1,1,0,1,0,1,1,0,1,1,-0.7,0.6666666666666666,0.3333333333333333
6,0,26.0,0,0,0,0,0,0,0,0,0,0,0,0.9,0.0,1.0
18,0,64.0,0,0,0,0,0,0,0,0,0,0,0,3.5,0.0,1.0
1,0,10.0,2,0,0,1,0,0,0,0,0,0,0,-1.2,0.18181818181818182,0.8181818181818182
15,0,1.0,0,0,0,0,0,0,0,0,0,0,0,1.0,0.0,1.0
9,0,85.0,0,0,0,0,0,0,0,0,0,0,0,-0.4,0.0,1.0
16,0,0.0,0,0,0,0,0,0,0,0,0,0,0,-0.4,0.0,1.0
8,0,0.0,0,0,0,0,0,0,0,0,0,0,0,1.6,0.0,1.0
14,0,4.0,0,0,0,0,0,0,0,0,0,0,0,1.4,0.0,1.0
11,0,65.0,0,0,0,0,0,0,0,0,0,0,0,0.4,0.0,1.0
7,0,197.0,0,0,0,0,0,0,0,0,0,0,0,0.2,0.0,1.0
19,0,18.0,0,0,0,0,0,0,0,0,0,0,0,2.2,0.0,1.0
10,0,282.0,0,0,0,0,0,0,0,0,0,0,0,-0.4,0.0,1.0
2,0,96.0,1,0,0,0,0,0,0,0,0,1,0,1.0,0.1111111111111111,0.8888888888888888
8,0,70.0,0,0,0,0,0,0,0,0,0,0,0,3.9,0.0,1.0
14,0,97.0,0,0,0,0,0,0,0,0,0,0,0,-0.7,0.0,1.0
16,0,0.0,0,0,0,0,0,0,0,0,0,0,0,1.7,0.0,1.0
13,0,2.0,0,0,0,0,0,0,0,0,0,0,0,0.0,0.0,1.0
4,0,26.0,0,0,0,0,0,0,0,0,0,0,0,-0.2,0.0,1.0
19,0,100.0,1,0,0,0,0,0,1,0,0,0,0,2.1,0.1,0.9
3,0,75.0,0,0,0,0,0,0,0,0,0,0,0,0.9,0.0,1.0
12,0,197.0,0,0,0,0,0,0,0,0,0,0,0,0.4,0.0,1.0
7,0,63.0,0,0,0,0,0,0,0,0,0,0,0,2.8,0.0,1.0
5,0,59.0,0,0,0,0,0,0,0,0,0,0,0,0.8,0.0,1.0
11,0,4.0,0,0,0,0,0,0,0,0,0,0,0,1.5,0.0,1.0
6,1,74.0,10,1,1,1,0,1,0,1,1,0,1,-0.6,0.6923076923076923,0.3076923076923077
0,0,4.0,0,0,0,0,0,0,0,0,0,0,0,0.3,0.0,1.0
9,0,10.0,2,0,0,0,1,0,0,0,0,0,0,-1.5,0.16666666666666666,0.8333333333333334
1,0,1.0,0,0,0,0,0,0,0,0,0,0,0,0.8,0.0,1.0
15,0,307.0,0,0,0,0,0,0,0,0,0,0,0,0.1,0.0,1.0
8,0,100.0,1,0,0,0,0,0,0,1,0,0,0,2.2,0.09090909090909091,0.9090909090909091
1,1,86.0,11,1,1,1,1,0,1,0,1,1,0,-0.1,0.7142857142857143,0.2857142857142857
14,0,4.0,0,0,0,0,0,0,0,0,0,0,0,-1.4,0.0,1.0
6,0,59.0,0,0,0,0,0,0,0,0,0,0,0,-0.1,0.0,1.0
5,0,85.0,0,0,0,0,0,0,0,0,0,0,0,-0.1,0.0,1.0
12,0,201.0,0,0,0,0,0,0,0,0,0,0,0,0.7,0.0,1.0
11,0,4.0,0,0,0,0,0,0,0,0,0,0,0,2.4,0.0,1.0
18,0,2.0,0,0,0,0,0,0,0,0,0,0,0,0.2,0.0,1.0
16,0,42.0,0,0,0,0,0,0,0,0,0,0,0,3.8,0.0,1.0
10,0,0.0,0,0,0,0,0,0,0,0,0,0,0,1.6,0.0,1.0
7,0,71.0,0,0,0,0,0,0,0,0,0,0,0,2.1,0.0,1.0
3,0,102.0,1,0,0,0,0,0,0,0,0,0,1,0.6,0.1,0.9
4,0,26.0,0,0,0,0,0,0,0,0,0,0,0,-1.3,0.0,1.0
2,0,10.0,2,0,0,0,0,1,0,0,0,0,0,-1.9,0.15384615384615385,0.8461538461538461
17,0,85.0,0,0,0,0,0,0,0,0,0,0,0,3.3,0.0,1.0
9,0,98.0,0,0,0,0,0,0,0,0,0,0,0,0.4,0.0,1.0
15,0,332.0,0,0,0,0,0,0,0,0,0,0,0,0.8,0.0,1.0
20,0,33.0,0,0,0,0,0,0,0,0,0,0,0,2.9,0.0,1.0
6,0,0.0,0,0,0,0,0,0,0,0,0,0,0,0.9,0.0,1.0
2,0,4.0,0,0,0,0,0,0,0,0,0,0,0,-0.7,0.0,1.0
15,0,2.0,0,0,0,0,0,0,0,0,0,0,0,0.5,0.0,1.0
10,0,1.0,0,0,0,0,0,0,0,0,0,0,0,-0.1,0.0,1.0
1,0,10.0,2,0,0,0,0,0,1,0,0,0,0,-1.6,0.14285714285714285,0.8571428571428571
19,0,98.0,0,0,0,0,0,0,0,0,0,0,0,0.9,0.0,1.0
13,0,4.0,0,0,0,0,0,0,0,0,0,0,0,2.2,0.0,1.0
5,1,97.0,1,0,0,0,0,0,0,0,0,0,0,-1.1,0.0,1.0
9,0,125.0,1,0,0,0,0,0,0,0,1,0,0,3.2,0.08333333333333333,0.9166666666666666
8,0,332.0,0,0,0,0,0,0,0,0,0,0,0,2.4,0.0,1.0
18,0,93.0,0,0,0,0,0,0,0,0,0,0,0,3.0,0.0,1.0
7,0,74.0,0,0,0,0,0,0,0,0,0,0,0,0.7,0.0,1.0
14,0,60.0,0,0,0,0,0,0,0,0,0,0,0,3.3,0.0,1.0
12,0,32.0,0,0,0,0,0,0,0,0,0,0,0,-1.6,0.0,1.0
11,0,71.0,0,0,0,0,0,0,0,0,0,0,0,1.3,0.0,1.0
1,1,10.0,2,0,0,0,0,0,0,0,0,0,0,0.8,0.09090909090909091,0.9090909090909091
17,0,2.0,0,0,,,,,,,,,,,0.0,1.0
4,0,75.0,0,0,0,0,0,0,0,0,0,0,0,1.7,0.0,1.0
20,0,119.0,0,0,0,0,0,0,0,0,0,0,0,0.5,0.0,1.0
8,0,4.0,0,0,0,0,0,0,0,0,0,0,0,0.8,0.0,1.0
12,0,0.0,0,0,0,0,0,0,0,0,0,0,0,1.4,0.0,1.0
13,0,32.0,0,0,0,0,0,0,0,0,0,0,0,2.4,0.0,1.0
7,0,3.0,0,0,0,0,0,0,0,0,0,0,0,0.8,0.0,1.0
10,0,33.0,0,0,0,0,0,0,0,0,0,0,0,2.2,0.0,1.0
11,0,214.0,0,0,0,0,0,0,0,0,0,0,0,0.7,0.0,1.0
3,0,125.0,11,1,1,1,1,1,0,1,0,1,1,-0.1,0.7333333333333333,0.26666666666666666
16,0,1.0,0,0,0,0,0,0,0,0,0,0,0,-0.8,0.0,1.0
2,0,98.0,2,0,0,0,0,0,0,1,0,0,0,-2.1,0.13333333333333333,0.8666666666666667
18,0,105.0,0,0,0,0,0,0,0,0,0,0,0,3.9,0.0,1.0
15,0,97.0,0,0,0,0,0,0,0,0,0,0,0,3.4,0.0,1.0
6,0,347.0,0,0,0,0,0,0,0,0,0,0,0,2.8,0.0,1.0
9,0,105.0,1,0,0,0,0,0,0,0,0,1,0,2.6,0.07692307692307693,0.9230769230769231
14,0,0.0,0,0,0,0,0,0,0,0,0,0,0,3.2,0.0,1.0
5,0,4.0,0,0,0,0,0,0,0,0,0,0,0,-1.4,0.0,1.0
7,0,16.0,0,0,0,0,0,0,0,0,0,0,0,1.0,0.0,1.0
12,0,0.0,0,0,0,0,0,0,0,0,0,0,0,3.0,0.0,1.0
6,0,8.0,0,0,0,0,0,0,0,0,0,0,0,1.2,0.0,1.0
4,0,10.0,0,0,0,0,0,0,0,0,0,0,0,1.3,0.0,1.0
1,0,25.0,0,0,1,0,0,0,0,0,0,0,0,0.7,0.0,1.0
2,1,343.5,1,1,0,1,1,1,1,1,0,1,0,-0.1,1.0,0.0
16,0,0.0,0,0,0,0,0,0,0,0,0,0,0,1.8,0.0,1.0
13,0,4.0,0,0,,,,,,,,,,,0.0,1.0
10,0,2.0,0,0,0,0,0,0,0,0,0,0,0,0.8,0.0,1.0
0,0,12.0,0,0,0,1,0,0,0,0,0,0,0,0.3,0.0,1.0
20,0,0.0,0,0,0,0,0,0,0,0,0,0,0,1.8,0.0,1.0
8,0,6.0,0,0,0,0,0,0,0,0,0,0,0,3.3,0.0,1.0
14,0,1.0,0,0,0,0,0,0,0,0,0,0,0,3.4,0.0,1.0
15,0,0.0,0,0,0,0,0,0,0,0,0,0,0,-1.4,0.0,1.0
18,0,0.0,0,0,,,,,,,,,,,0.0,1.0
5,0,0.0,0,0,0,0,0,0,0,0,0,0,0,2.1,0.0,1.0
2,0,5.0,0,0,0,0,1,0,0,0,0,0,0,0.4,0.0,1.0
15,0,0.0,0,0,0,0,0,0,0,0,0,0,0,2.2,0.0,1.0
1,0,16.0,1,1,1,0,1,1,1,1,1,0,1,0.6,1.0,0.0
16,0,0.0,0,0,0,0,0,0,0,0,0,0,0,3.3,0.0,1.0
5,0,0.0,0,0,0,0,0,0,0,0,0,0,0,0.5,0.0,1.0
4,0,14.0,0,0,0,0,0,0,0,0,0,0,0,1.2,0.0,1.0
3,1,20.0,1,0,0,1,0,0,0,0,0,0,0,0.3,0.0,1.0
0,0,43.0,0,0,0,0,0,0,0,0,0,0,0,1.9,0.0,1.0
6,0,2.0,0,0,0,0,0,0,0,0,0,0,0,0.7,0.0,1.0
20,0,0.0,0,0,0,,,,,,,,,,0.0,1.0
9,0,0.0,0,0,0,0,0,0,0,0,0,0,0,1.9,0.0,1.0
17,0,2.0,0,0,0,0,0,0,0,0,0,0,0,2.6,0.0,1.0
10,0,0.0,0,0,0,0,0,0,0,0,0,0,0,1.1,0.0,1.0
7,0,14.0,0,0,0,0,0,0,0,0,0,0,0,1.1,0.0,1.0
18,0,0.0,0,0,0,,,,,,,,,,0.0,1.0
11,0,6.0,0,0,0,0,0,0,0,0,0,0,0,3.2,0.0,1.0
19,0,10.0,0,0,0,,,,,,,,,,0.0,1.0
1,0,61.0,0,0,0,0,0,0,0,0,0,0,0,-2.0,0.0,1.0
11,0,8.0,0,0,0,0,0,0,0,0,0,0,0,-1.4,0.0,1.0
18,0,7.0,0,0,0,0,0,0,0,0,0,0,0,3.7,0.0,1.0
12,0,0.0,0,0,0,0,0,0,0,0,0,0,0,2.7,0.0,1.0
19,0,0.0,0,0,0,0,,,,,,,,,0.0,1.0
17,0,2.0,0,0,0,0,0,0,0,0,0,0,0,1.3,0.0,1.0
7,0,32.0,0,0,0,0,0,0,0,0,0,0,0,1.0,0.0,1.0
5,0,16.0,0,0,0,0,0,0,0,0,0,0,0,3.7,0.0,1.0
10,0,0.0,0,0,0,0,0,0,0,0,0,0,0,0.3,0.0,1.0
3,0,69.0,1,1,0,0,1,0,0,0,0,0,0,0.4,0.3333333333333333,0.6666666666666666
8,0,22.0,0,0,0,0,0,0,0,0,0,0,0,1.5,0.0,1.0
14,0,14.0,0,0,0,0,,,,,,,,,0.0,1.0
9,0,0.0,0,0,0,0,0,0,0,0,0,0,0,-0.6,0.0,1.0
13,0,0.0,0,0,0,0,0,0,0,0,0,0,0,2.2,0.0,1.0
4,0,37.0,0,0,0,0,0,1,0,0,0,0,0,-0.7,0.0,1.0
16,0,28.0,0,0,0,0,0,0,0,0,0,0,0,0.7,0.0,1.0
6,0,0.0,0,0,0,0,0,0,0,0,0,0,0,1.8,0.0,1.0
2,1,44.0,2,0,1,1,0,1,1,1,1,1,0,0.5,0.6666666666666666,0.3333333333333333
20,0,5.0,0,0,0,0,,,,,,,,,0.0,1.0
8,0,41.0,0,0,0,0,0,0,1,0,0,0,0,-0.7,0.0,1.0
13,0,0.0,0,0,0,0,0,0,0,0,0,0,0,0.0,0.0,1.0
7,0,40.0,0,0,0,0,0,0,0,0,0,0,0,1.1,0.0,1.0
15,0,10.0,0,0,0,0,0,0,0,0,0,0,0,-2.4,0.0,1.0
2,0,94.0,1,0,1,0,0,1,0,0,0,0,0,0.5,0.25,0.75
17,0,5.0,0,0,0,0,0,0,0,0,0,0,0,3.1,0.0,1.0
20,0,5.0,0,0,0,0,0,,,,,,,,0.0,1.0
9,0,47.0,0,0,0,0,0,0,0,0,0,0,0,1.9,0.0,1.0
18,0,0.0,0,0,0,0,0,,,,,,,,0.0,1.0
11,0,2.0,0,0,0,0,0,0,0,0,0,0,0,1.5,0.0,1.0
12,0,0.0,0,0,0,0,0,0,0,0,0,0,0,-0.7,0.0,1.0
5,0,0.0,0,0,0,0,0,0,0,0,0,0,0,1.3,0.0,1.0
1,1,0.0,3,1,0,1,1,0,1,1,1,1,1,0.8,0.75,0.25
14,0,0.0,0,0,0,0,0,0,0,0,0,0,0,2.1,0.0,1.0
10,0,0.0,0,0,0,0,0,0,0,0,0,0,0,2.2,0.0,1.0
4,0,32.0,0,0,0,0,0,0,0,0,0,0,0,1.3,0.0,1.0
3,0,80.0,0,0,0,0,0,0,0,0,0,0,0,-1.9,0.0,1.0
6,0,24.0,0,0,0,0,0,0,0,0,0,0,0,2.6,0.0,1.0
19,0,8.0,0,0,0,0,0,0,0,0,0,0,0,3.6,0.0,1.0
20,0,10.0,0,0,0,0,0,0,,,,,,,0.0,1.0
4,0,24.0,0,0,0,0,0,0,0,0,0,0,0,2.4,0.0,1.0
18,0,16.0,0,0,0,0,0,0,0,0,0,0,0,3.6,0.0,1.0
16,0,38.0,0,0,0,0,0,0,,,,,,,0.0,1.0
13,0,2.0,0,0,0,0,0,0,0,0,0,0,0,1.5,0.0,1.0
5,0,47.0,0,0,0,0,0,0,0,0,0,0,0,2.5,0.0,1.0
14,0,9.0,0,0,0,0,0,0,0,0,0,0,0,2.9,0.0,1.0
17,0,0.0,0,0,0,0,0,0,0,0,0,0,0,2.0,0.0,1.0
10,0,0.0,0,0,0,0,0,0,0,0,0,0,0,1.6,0.0,1.0
2,1,101.0,2,0,0,1,0,0,1,0,0,0,0,0.5,0.2,0.8
12,0,40.0,0,0,0,0,0,0,0,0,0,0,0,1.1,0.0,1.0
15,0,12.0,0,0,0,0,0,0,0,0,0,0,0,-3.0,0.0,1.0
9,0,56.0,0,0,0,0,0,0,0,1,0,0,0,-0.9,0.0,1.0
8,0,0.0,0,0,0,0,0,0,0,0,0,0,0,-0.5,0.0,1.0
11,0,1.0,0,0,0,0,0,0,0,0,0,0,0,0.9,0.0,1.0
7,0,0.0,3,1,1,0,1,1,0,1,1,1,1,0.7,0.8,0.2
6,0,0.0,0,0,0,0,0,0,0,0,0,0,0,-1.1,0.0,1.0
19,0,5.0,0,0,0,0,0,0,,,,,,,0.0,1.0
10,0,105.0,0,0,0,0,0,0,0,0,0,0,0,-1.9,0.0,1.0
20,0,1.0,0,0,0,0,0,0,0,0,0,0,0,1.4,0.0,1.0
2,0,0.0,3,0,1,1,0,1,1,0,1,1,1,0.7,0.6666666666666666,0.3333333333333333
1,0,69.0,0,0,0,0,0,0,0,0,0,0,0,1.6,0.0,1.0
7,0,42.0,0,0,0,0,0,0,0,,,,,,0.0,1.0
9,0,47.0,0,0,0,0,0,0,0,0,0,0,0,2.6,0.0,1.0
6,1,66.0,1,0,0,0,0,0,0,0,1,0,0,-0.2,0.0,1.0
16,0,31.0,0,0,0,0,0,0,0,0,0,0,0,3.0,0.0,1.0
14,0,9.0,0,0,0,0,0,0,0,0,0,0,0,2.7,0.0,1.0
5,0,26.0,0,0,0,0,0,0,0,0,0,0,0,2.3,0.0,1.0
8,0,0.0,0,0,0,0,0,0,0,0,0,0,0,2.1,0.0,1.0
4,0,0.0,0,0,0,0,0,0,0,0,0,0,0,-1.5,0.0,1.0
13,0,52.0,0,0,0,0,0,0,0,0,0,0,0,0.9,0.0,1.0
17,0,28.0,0,0,0,0,0,0,0,,,,,,0.0,1.0
11,0,0.0,0,0,0,0,0,0,0,0,0,0,0,-0.4,0.0,1.0
18,0,13.0,0,0,0,0,0,0,0,,,,,,0.0,1.0
18,0,14.0,0,0,0,0,0,0,0,0,0,0,0,2.2,0.0,1.0
2,0,0.0,3,0,0,1,1,0,1,1,0,1,1,-0.7,0.5714285714285714,0.42857142857142855
15,0,1.0,0,0,0,0,0,0,0,0,0,0,0,1.3,0.0,1.0
11,0,50.0,0,0,0,0,0,0,0,0,,,,,0.0,1.0
19,0,30.0,0,0,0,0,0,0,0,0,,,,,0.0,1.0
13,0,58.0,0,0,0,0,0,0,0,0,0,0,0,1.8,0.0,1.0
1,1,138.0,4,0,1,0,0,1,0,0,1,0,0,0.5,0.3333333333333333,0.6666666666666666
17,0,1.0,0,0,0,0,0,0,0,0,0,0,0,0.8,0.0,1.0
7,0,96.0,0,0,0,0,0,0,0,0,0,0,0,1.3,0.0,1.0
3,0,74.0,0,0,0,0,0,0,0,0,0,0,0,2.4,0.0,1.0
4,0,86.0,1,1,0,0,0,0,0,0,0,1,0,-0.2,0.14285714285714285,0.8571428571428571
16,0,37.0,0,0,0,0,0,0,0,0,0,0,0,2.6,0.0,1.0
9,0,9.0,0,0,0,0,0,0,0,0,0,0,0,1.5,0.0,1.0
5,0,156.0,0,0,0,0,0,0,0,0,0,0,0,-2.3,0.0,1.0
8,0,0.0,0,0,0,0,0,0,0,0,0,0,0,1.9,0.0,1.0
14,0,0.0,0,0,0,0,0,0,0,0,0,0,0,-0.3,0.0,1.0
12,0,34.0,0,0,0,0,0,0,0,0,0,0,0,1.0,0.0,1.0
20,0,19.0,0,0,0,0,0,0,0,0,,,,,0.0,1.0
4,0,76.0,1,0,1,0,0,0,0,0,0,0,1,-0.3,0.125,0.875
13,0,1.0,0,0,0,0,0,0,0,0,0,0,0,1.3,0.0,1.0
16,0,37.0,0,0,0,0,0,0,0,0,0,0,0,2.1,0.0,1.0
3,0,131.0,0,0,0,0,0,0,0,0,0,0,0,-2.1,0.0,1.0
19,0,8.0,0,0,0,0,0,0,0,0,0,0,0,1.4,0.0,1.0
2,0,0.0,3,0,0,0,1,1,0,1,1,0,1,-1.2,0.5,0.5
1,1,119.0,3,1,0,1,0,0,1,0,0,1,0,0.5,0.42857142857142855,0.5714285714285714
14,0,12.0,0,0,0,0,0,0,0,0,0,0,0,-2.4,0.0,1.0
7,0,84.0,0,0,0,0,0,0,0,0,0,0,0,1.1,0.0,1.0
11,0,1.0,0,0,0,0,0,0,0,0,0,0,0,1.5,0.0,1.0
10,0,52.0,0,0,0,0,0,0,0,0,0,0,0,1.9,0.0,1.0
17,0,10.0,0,0,0,0,0,0,0,0,0,0,0,3.6,0.0,1.0
8,0,59.0,0,0,0,0,0,0,0,0,0,0,0,1.7,0.0,1.0
12,0,0.0,0,0,0,0,0,0,0,0,0,0,0,0.1,0.0,1.0
6,0,0.0,0,0,0,0,0,0,0,0,0,0,0,-2.0,0.0,1.0
9,0,0.0,0,0,0,0,0,0,0,0,0,0,0,1.6,0.0,1.0
18,0,17.0,0,0,0,0,0,0,0,0,0,,,,0.0,1.0
15,0,30.0,0,0,0,0,0,0,0,0,0,,,,0.0,1.0
5,0,34.0,0,0,0,0,0,0,0,0,0,0,0,0.6,0.0,1.0
0,0,42.0,0,0,0,0,0,0,0,0,0,,,,0.0,1.0
3,0,62.0,1,0,0,1,0,0,0,0,0,0,0,1.1,0.1111111111111111,0.8888888888888888
16,0,0.0,0,0,0,0,0,0,0,0,0,0,0,3.4,0.0,1.0
12,0,60.0,0,0,0,0,0,0,0,0,0,0,0,-0.6,0.0,1.0
15,0,12.0,0,0,0,0,0,0,0,0,0,0,0,1.0,0.0,1.0
7,0,1.0,0,0,0,0,0,0,0,0,0,0,,,0.0,1.0
9,0,92.0,0,0,0,0,0,0,0,0,0,0,0,3.1,0.0,1.0
20,0,182.0,0,0,0,0,0,0,0,0,0,0,,,0.0,1.0
11,0,39.0,0,0,0,0,0,0,0,0,0,0,0,0.3,0.0,1.0
14,0,0.0,0,0,0,0,0,0,0,0,0,0,0,1.3,0.0,1.0
6,0,0.0,0,0,0,0,0,0,0,0,0,0,0,-2.3,0.0,1.0
8,0,30.0,0,0,0,0,0,0,0,0,0,0,0,-2.2,0.0,1.0
1,1,101.0,5,1,1,0,1,0,0,1,0,0,1,0.9,0.5,0.5
4,0,40.0,3,0,0,0,0,1,1,0,1,1,0,-1.2,0.4444444444444444,0.5555555555555556
10,0,1.0,0,0,0,0,0,0,0,0,0,0,0,-0.4,0.0,1.0
19,0,20.0,0,0,0,0,0,0,0,0,0,0,,,0.0,1.0
5,0,0.0,0,0,0,0,0,0,0,0,0,0,0,-2.1,0.0,1.0
13,0,9.0,0,0,0,0,0,0,0,0,0,0,0,2.1,0.0,1.0
2,0,104.0,0,0,0,0,0,0,0,0,0,0,0,1.1,0.0,1.0
18,0,0.0,0,0,0,0,0,0,0,0,0,0,0,1.7,0.0,1.0
9,0,1.0,0,0,0,0,0,0,0,0,0,0,0,1.4,0.0,1.0
5,0,108.0,0,0,0,0,0,0,0,0,0,0,0,1.1,0.0,1.0
12,0,14.0,0,0,0,0,0,0,0,0,0,0,0,-0.9,0.0,1.0
17,0,39.0,0,0,0,0,0,0,0,0,0,0,0,1.1,0.0,1.0
6,0,80.0,0,0,0,0,0,0,0,0,0,0,0,2.3,0.0,1.0
3,0,185.0,0,0,0,0,0,0,0,0,0,0,0,-1.3,0.0,1.0
0,0,113.0,1,0,0,0,1,0,0,0,0,0,0,0.4,0.1,0.9
14,0,10.0,0,0,0,0,0,0,0,0,0,0,0,2.0,0.0,1.0
18,0,30.0,0,0,0,0,0,0,0,0,0,0,0,1.5,0.0,1.0
10,0,50.0,0,0,0,0,0,0,0,0,0,0,0,0.1,0.0,1.0
7,0,0.0,0,0,0,0,0,0,0,0,0,0,0,1.7,0.0,1.0
13,0,18.0,0,0,0,0,0,0,0,0,0,0,0,3.1,0.0,1.0
2,1,150.0,4,0,0,0,0,0,1,1,0,1,1,-1.2,0.4,0.6
16,0,68.0,0,0,0,0,0,0,0,0,0,0,0,,0.0,1.0
19,0,26.0,0,0,0,0,0,0,0,0,0,0,0,,0.0,1.0
4,0,104.0,0,0,0,0,0,0,0,0,0,0,0,-0.4,0.0,1.0
15,0,1.0,0,0,0,0,0,0,0,0,0,0,0,1.3,0.0,1.0
11,0,0.0,0,0,0,0,0,0,0,0,0,0,0,-2.4,0.0,1.0
13,0,39.0,0,0,0,0,0,0,0,0,0,0,0,2.6,0.0,1.0
5,0,6.0,0,0,0,0,0,0,0,0,0,0,0,-2.5,0.0,1.0
3,0,80.0,5,0,1,1,1,0,1,0,0,1,0,0.8,0.5555555555555556,0.4444444444444444
11,0,18.0,0,0,0,0,0,0,0,0,0,0,0,2.2,0.0,1.0
8,1,4.0,1,0,0,0,0,0,0,0,0,0,0,0.5,0.0,1.0
0,0,113.0,0,0,0,0,0,0,0,0,0,0,0,1.2,0.0,1.0
1,0,83.0,4,1,0,0,0,0,0,1,1,0,1,-1.1,0.45454545454545453,0.5454545454545454
16,0,0.0,0,0,0,0,0,0,0,0,0,0,0,-0.5,0.0,1.0
9,0,0.0,0,0,0,0,0,0,0,0,0,0,0,1.3,0.0,1.0
17,0,30.0,0,0,0,0,0,0,0,0,0,0,0,-1.1,0.0,1.0
18,0,0.0,0,0,0,0,0,0,0,0,0,0,0,0.8,0.0,1.0
20,0,38.0,0,0,0,0,0,0,0,0,0,0,0,1.2,0.0,1.0
15,0,1.0,0,0,0,0,0,0,0,0,0,0,0,0.7,0.0,1.0
13,0,199.5,0,0,0,0,0,0,0,0,0,0,0,-0.7,0.0,1.0
11,0,56.0,0,0,0,0,0,0,0,0,0,0,0,1.9,0.0,1.0
10,0,54.0,0,0,0,0,0,0,0,0,0,0,0,1.8,0.0,1.0
4,0,82.0,0,0,0,0,0,0,0,0,0,0,0,2.3,0.0,1.0
3,0,195.0,4,0,1,0,0,0,0,0,1,1,0,-1.3,0.4166666666666667,0.5833333333333334
9,0,104.0,0,0,0,0,0,0,0,0,0,0,0,-0.1,0.0,1.0
8,0,1.0,1,1,0,0,0,0,0,0,0,0,0,1.1,0.1,0.9
0,0,18.0,0,0,0,0,0,0,0,0,0,0,0,2.7,0.0,1.0
19,0,18.0,0,0,0,0,0,0,0,0,0,0,0,2.8,0.0,1.0
16,0,83.5,0,0,0,0,0,0,0,0,0,0,0,1.0,0.0,1.0
2,0,42.0,0,0,0,0,0,0,0,0,0,0,0,0.5,0.0,1.0
14,0,2.0,0,0,0,0,0,0,0,0,0,0,0,-0.1,0.0,1.0
1,1,202.5,6,0,0,1,1,1,0,1,0,0,1,0.2,0.5,0.5
5,0,13.0,0,0,0,0,0,0,0,0,0,0,0,-0.2,0.0,1.0
17,0,35.0,0,0,0,0,0,0,0,0,0,0,0,1.8,0.0,1.0
6,0,0.0,0,0,0,0,0,0,0,0,0,0,0,-1.6,0.0,1.0
18,0,38.0,0,0,0,0,0,0,0,0,0,0,0,1.5,0.0,1.0
12,0,7.0,0,0,0,0,0,0,0,0,0,0,0,1.8,0.0,1.0
15,0,108.0,0,0,0,0,0,0,0,0,0,0,0,1.7,0.0,1.0
0,0,113.0,1,0,0,0,0,0,1,0,0,0,0,-1.9,0.09090909090909091,0.9090909090909091
3,0,224.5,0,0,0,0,0,0,0,0,0,0,0,0.1,0.0,1.0
2,0,0.0,4,0,0,1,0,0,0,0,0,1,1,-1.2,0.38461538461538464,0.6153846153846154
0,0,66.0,0,0,0,0,0,0,0,0,0,0,0,2.0,0.0,1.0
4,0,0.0,0,0,0,0,0,0,0,0,0,0,0,-0.4,0.0,1.0
10,0,92.0,0,0,0,0,0,0,0,0,0,0,0,2.3,0.0,1.0
11,0,44.0,0,0,0,0,0,0,0,0,0,0,0,0.4,0.0,1.0
7,0,2.0,0,0,0,0,0,0,0,0,0,0,0,-0.3,0.0,1.0
13,0,123.0,0,0,0,0,0,0,0,0,0,0,0,1.5,0.0,1.0
9,0,7.0,0,0,0,0,0,0,0,0,0,0,0,1.4,0.0,1.0
8,0,1.0,1,0,1,0,0,0,0,0,0,0,0,0.8,0.09090909090909091,0.9090909090909091
0,0,114.0,1,0,0,0,0,0,0,1,0,0,0,-3.3,0.08333333333333333,0.9166666666666666
6,0,56.0,0,0,0,0,0,0,0,0,0,0,0,1.4,0.0,1.0
12,0,18.0,0,0,0,0,0,0,0,0,0,0,0,2.1,0.0,1.0
1,1,221.5,7,1,0,0,1,1,1,0,1,0,0,-0.3,0.5454545454545454,0.45454545454545453
5,0,108.0,0,0,0,0,0,0,0,0,0,0,0,-0.5,0.0,1.0
15,0,13.0,0,0,0,0,0,0,0,0,0,0,0,-0.2,0.0,1.0
17,0,35.0,0,0,0,0,0,0,0,0,0,0,0,1.7,0.0,1.0
14,0,45.0,0,0,0,0,0,0,0,0,0,0,0,0.0,0.0,1.0
18,0,35.0,0,0,0,0,0,0,0,0,0,0,0,1.4,0.0,1.0
8,0,132.0,1,0,0,0,0,0,0,0,1,0,0,-3.2,0.07692307692307693,0.9230769230769231
6,0,83.0,0,0,0,0,0,0,0,0,0,0,0,1.9,0.0,1.0
2,1,104.0,1,0,0,0,0,0,0,0,0,0,0,1.5,0.0,1.0
7,0,2.0,0,0,0,0,0,0,0,0,0,0,0,-1.0,0.0,1.0
13,0,66.0,0,0,0,0,0,0,0,0,0,0,0,0.4,0.0,1.0
5,0,118.0,0,0,0,0,0,0,0,0,0,0,0,-0.3,0.0,1.0
19,0,226.5,0,0,0,0,0,0,0,0,0,0,0,0.1,0.0,1.0
3,0,141.0,0,0,0,0,0,0,0,0,0,0,0,1.4,0.0,1.0
9,0,18.0,0,0,0,0,0,0,0,0,0,0,0,2.1,0.0,1.0
17,0,0.0,0,0,0,0,0,0,0,0,0,0,0,-1.9,0.0,1.0
12,0,1.0,1,0,0,1,0,0,0,0,0,0,0,0.4,0.08333333333333333,0.9166666666666666
11,0,15.0,0,0,0,0,0,0,0,0,0,0,0,-0.5,0.0,1.0
10,0,7.0,0,0,0,0,0,0,0,0,0,0,0,1.2,0.0,1.0
11,0,0.0,0,0,0,0,0,0,0,0,0,0,0,-0.2,0.0,1.0
13,0,24.0,0,0,0,0,0,0,0,0,0,0,0,0.6,0.0,1.0
4,1,0.0,5,0,0,0,0,1,0,0,0,0,0,-1.3,0.35714285714285715,0.6428571428571429
16,0,244.5,0,0,0,0,0,0,0,0,0,0,0,1.7,0.0,1.0
7,0,18.0,0,0,0,0,0,0,0,0,0,0,0,2.1,0.0,1.0
2,0,95.0,0,0,0,0,0,0,0,0,0,0,0,2.0,0.0,1.0
8,0,139.0,1,0,0,0,0,0,0,0,0,1,0,-2.9,0.07142857142857142,0.9285714285714286
12,0,112.5,0,0,0,0,0,0,0,0,0,0,0,0.7,0.0,1.0
1,0,151.0,0,0,0,0,0,0,0,0,0,0,0,1.3,0.0,1.0
3,0,45.0,0,0,0,0,0,0,0,0,0,0,0,0.4,0.0,1.0
6,0,7.0,0,0,0,0,0,0,0,0,0,0,0,2.1,0.0,1.0
10,0,16.0,0,0,0,0,0,0,0,0,0,0,0,0.9,0.0,1.0
20,0,246.5,7,0,1,1,0,0,1,1,1,0,1,-0.2,0.5833333333333334,0.4166666666666667
9,0,1.0,1,0,0,0,1,0,0,0,0,0,0,0.6,0.07692307692307693,0.9230769230769231
18,0,66.0,0,0,0,0,0,0,0,0,0,0,0,0.3,0.0,1.0
5,0,104.0,1,1,0,0,0,0,0,0,0,0,0,1.5,0.06666666666666667,0.9333333333333333
17,0,6.0,0,0,0,0,0,0,0,0,0,0,0,-1.5,0.0,1.0
19,0,120.0,0,0,0,0,0,0,0,0,0,0,0,-0.2,0.0,1.0
15,0,58.0,0,0,0,0,0,0,0,0,0,0,0,1.4,0.0,1.0
8,0,18.0,0,0,0,0,0,0,0,0,0,0,0,1.4,0.0,1.0
11,0,0.0,5,1,0,0,0,0,1,0,0,0,0,-1.0,0.4,0.6
17,0,26.0,0,0,0,0,0,0,0,0,0,0,0,0.8,0.0,1.0
9,0,116.5,0,0,0,0,0,0,0,0,0,0,0,-0.6,0.0,1.0
16,0,6.0,0,0,0,0,0,0,0,0,0,0,0,-1.4,0.0,1.0
1,1,262.5,1,0,0,0,0,0,0,0,0,0,0,3.0,0.0,1.0
7,0,177.0,0,0,0,0,0,0,0,0,0,0,0,0.6,0.0,1.0
20,0,116.0,1,0,1,0,0,0,0,0,0,0,0,1.6,0.0625,0.9375
15,0,74.0,0,0,0,0,0,0,0,0,0,0,0,-0.1,0.0,1.0
19,0,95.0,0,0,0,0,0,0,0,0,0,0,0,1.7,0.0,1.0
6,0,145.0,1,0,0,0,0,0,0,0,0,0,1,-3.3,0.06666666666666667,0.9333333333333333
14,0,35.0,0,0,0,0,0,0,0,0,0,0,0,1.7,0.0,1.0
4,0,0.0,0,0,0,0,0,0,0,0,0,0,0,-0.3,0.0,1.0
13,0,46.0,0,0,0,0,0,0,0,0,0,0,0,0.2,0.0,1.0
12,0,1.0,1,0,0,0,0,1,0,0,0,0,0,0.2,0.07142857142857142,0.9285714285714286
5,0,7.0,0,0,0,0,0,0,0,0,0,0,0,1.7,0.0,1.0
18,0,58.0,0,0,0,0,0,0,0,0,0,0,0,0.9,0.0,1.0
3,0,135.0,0,0,0,0,0,0,0,0,0,0,0,0.0,0.0,1.0
2,0,256.5,7,0,0,1,1,0,0,1,1,1,0,1.4,0.5384615384615384,0.46153846153846156
10,0,16.0,0,0,0,0,0,0,0,0,0,0,0,1.0,0.0,1.0
10,0,122.5,0,0,0,0,0,0,0,0,0,0,0,-1.0,0.0,1.0
15,0,26.0,0,0,0,0,0,0,0,0,0,0,0,0.8,0.0,1.0
5,0,105.0,0,0,0,0,0,0,0,0,0,0,0,3.1,0.0,1.0
20,0,46.0,0,0,0,0,0,0,0,0,0,0,0,-0.1,0.0,1.0
13,0,20.0,0,0,0,0,0,0,0,0,0,0,0,1.3,0.0,1.0
9,0,287.5,1,1,0,0,0,0,0,0,0,0,0,3.0,0.07692307692307693,0.9230769230769231
7,0,185.0,0,0,0,0,0,0,0,0,0,0,0,0.4,0.0,1.0
16,0,36.0,0,0,0,0,0,0,0,0,0,0,0,1.0,0.0,1.0
3,0,149.0,1,0,0,0,0,0,0,0,0,0,0,-3.5,0.0625,0.9375
14,0,74.0,0,0,0,0,0,0,0,0,0,0,0,-0.3,0.0,1.0
17,0,58.0,0,0,0,0,0,0,0,0,0,0,0,0.6,0.0,1.0
4,0,150.0,0,0,0,0,0,0,0,0,0,0,0,-0.1,0.0,1.0
18,0,16.0,0,0,0,0,0,0,0,0,0,0,0,0.2,0.0,1.0
1,1,275.5,8,0,0,0,1,1,0,0,1,1,1,1.3,0.5,0.5
2,0,0.0,5,0,1,0,0,0,0,1,0,0,0,-0.4,0.375,0.625
6,0,128.0,1,0,0,1,0,0,0,0,0,0,0,1.9,0.058823529411764705,0.9411764705882353
12,0,6.0,0,0,0,0,0,0,0,0,0,0,0,-1.8,0.0,1.0
11,0,10.0,0,0,0,0,0,0,0,0,0,0,0,-1.7,0.0,1.0
6,0,105.0,0,0,0,0,0,0,0,0,0,0,0,2.3,0.0,1.0
4,0,150.0,1,0,0,0,0,0,0,0,0,0,0,-4.0,0.058823529411764705,0.9411764705882353
5,0,0.0,0,0,0,0,0,0,0,0,0,0,0,-0.7,0.0,1.0
16,0,46.0,0,0,0,0,0,0,0,0,0,0,0,0.4,0.0,1.0
10,0,26.0,0,0,0,0,0,0,0,0,0,0,0,0.7,0.0,1.0
7,0,138.0,1,0,0,0,1,0,0,0,0,0,0,2.0,0.05555555555555555,0.9444444444444444
20,0,20.0,0,0,0,0,0,0,0,0,0,0,0,0.9,0.0,1.0
13,0,86.0,0,0,0,0,0,0,0,0,0,0,0,-0.3,0.0,1.0
18,0,185.0,0,0,0,0,0,0,0,0,0,0,0,-0.1,0.0,1.0
1,0,312.5,1,0,1,0,0,0,0,0,0,0,0,3.5,0.07142857142857142,0.9285714285714286
2,0,0.0,5,0,0,1,0,0,0,0,1,0,0,0.9,0.35294117647058826,0.6470588235294118
12,0,7.0,0,0,0,0,0,0,0,0,0,0,0,0.4,0.0,1.0
3,1,293.5,9,1,0,0,0,1,1,0,0,1,1,1.3,0.5333333333333333,0.4666666666666667
19,0,1.0,1,0,0,0,0,0,0,1,0,0,0,0.8,0.06666666666666667,0.9333333333333333
9,0,16.0,0,0,0,0,0,0,0,0,0,0,0,0.7,0.0,1.0
8,0,165.0,0,0,0,0,0,0,0,0,0,0,0,0.2,0.0,1.0
15,0,60.0,0,0,0,0,0,0,0,0,0,0,0,0.5,0.0,1.0
17,0,50.0,0,0,0,0,0,0,0,0,0,0,0,0.2,0.0,1.0
3,0,105.0,0,0,0,0,0,0,0,0,0,0,0,2.9,0.0,1.0
18,0,42.0,0,0,0,0,0,0,0,0,0,0,0,0.6,0.0,1.0
9,0,16.0,0,0,0,0,0,0,0,0,0,0,0,0.0,0.0,1.0
6,0,178.0,0,0,0,0,0,0,0,0,0,0,0,0.5,0.0,1.0
7,0,0.0,0,0,0,0,0,0,0,0,0,0,0,-0.6,0.0,1.0
4,0,151.0,1,0,0,0,0,0,0,0,0,0,0,-3.9,0.05555555555555555,0.9444444444444444
16,0,92.0,0,0,0,0,0,0,0,0,0,0,0,-0.5,0.0,1.0
1,0,332.5,1,0,0,1,0,0,0,0,0,0,0,1.9,0.06666666666666667,0.9333333333333333
0,0,26.0,0,0,0,0,0,0,0,0,0,0,0,0.5,0.0,1.0
5,0,203.0,0,0,0,0,0,0,0,0,0,0,0,0.9,0.0,1.0
15,0,139.5,0,0,0,0,0,0,0,0,0,0,0,-0.9,0.0,1.0
13,0,10.0,0,0,0,0,0,0,0,0,0,0,0,-1.5,0.0,1.0
8,0,1.0,1,0,0,0,0,0,0,0,1,0,0,1.2,0.0625,0.9375
2,0,318.5,9,1,1,0,0,0,1,1,0,0,1,1.4,0.5625,0.4375
12,0,7.0,0,0,0,0,0,0,0,0,0,0,0,0.8,0.0,1.0
10,1,0.0,6,0,0,0,1,0,0,0,0,1,0,0.9,0.3333333333333333,0.6666666666666666
19,0,62.0,0,0,0,0,0,0,0,0,0,0,0,0.0,0.0,1.0
18,0,20.0,0,0,0,0,0,0,0,0,0,0,0,1.4,0.0,1.0
12,0,34.0,0,0,0,0,0,0,0,0,0,0,0,-1.4,0.0,1.0
16,0,100.0,0,0,0,0,0,0,0,0,0,0,0,-0.7,0.0,1.0
7,0,218.0,0,0,0,0,0,0,0,0,0,0,0,0.1,0.0,1.0
10,0,10.0,0,0,0,0,0,0,0,0,0,0,0,-1.7,0.0,1.0
2,0,369.5,1,0,0,0,1,0,0,0,0,0,0,1.8,0.0625,0.9375
13,0,7.0,0,0,0,0,0,0,0,0,0,0,0,1.0,0.0,1.0
3,0,369.5,9,0,1,1,0,0,0,1,1,0,0,1.4,0.5294117647058824,0.47058823529411764
1,1,0.0,8,1,0,0,0,1,0,0,0,0,1,1.8,0.3684210526315789,0.631578947368421
11,0,158.0,1,0,0,0,0,0,1,0,0,0,0,1.1,0.05263157894736842,0.9473684210526315
8,0,149.5,0,0,0,0,0,0,0,0,0,0,0,-0.9,0.0,1.0
6,0,0.0,0,0,0,0,0,0,0,0,0,0,0,-0.7,0.0,1.0
15,0,115.0,0,0,0,0,0,0,0,0,0,0,0,2.1,0.0,1.0
4,0,190.0,0,0,0,0,0,0,0,0,0,0,0,1.5,0.0,1.0
9,0,3.0,1,0,0,0,0,0,0,0,0,1,0,0.9,0.058823529411764705,0.9411764705882353
6,0,395.5,1,0,0,0,0,1,0,0,0,0,0,1.4,0.058823529411764705,0.9411764705882353
8,0,164.5,0,0,0,0,0,0,0,0,0,0,0,-1.6,0.0,1.0
3,0,226.0,0,0,0,0,0,0,0,0,0,0,0,-0.1,0.0,1.0
9,0,3.0,1,0,0,0,0,0,0,0,0,0,1,1.7,0.05555555555555555,0.9444444444444444
11,0,7.0,0,0,0,0,0,0,0,0,0,0,0,0.6,0.0,1.0
2,0,0.0,8,1,1,0,0,0,1,0,0,0,0,1.8,0.4,0.6
1,1,387.5,10,0,0,1,1,0,0,0,1,1,0,1.5,0.5,0.5
10,0,159.0,1,0,0,0,0,0,0,1,0,0,0,1.1,0.05,0.95
13,0,32.0,0,0,0,0,0,0,0,0,0,0,0,1.2,0.0,1.0
15,0,16.0,0,0,0,0,0,0,0,0,0,0,0,-0.4,0.0,1.0
4,0,160.0,1,0,0,0,0,0,0,0,0,0,0,-4.0,0.05263157894736842,0.9473684210526315
12,0,0.0,0,0,0,0,0,0,0,0,0,0,0,-0.6,0.0,1.0
19,0,43.0,0,0,0,0,0,0,0,0,0,0,0,0.3,0.0,1.0
7,0,190.0,0,0,0,0,0,0,0,0,0,0,0,0.8,0.0,1.0
5,0,115.0,0,0,0,0,0,0,0,0,0,0,0,2.4,0.0,1.0
1,1,43.0,1,0,,,,,,,,,,,0.0,1.0
3,1,0.0,2,0,1,,,,,,,,,,0.5,0.5
3,1,73.0,1,0,0,0,,,,,,,,,0.0,1.0
1,1,104.0,2,0,0,1,0,,,,,,,,0.25,0.75
2,1,4.0,3,0,0,1,0,1,,,,,,,0.4,0.6
1,1,141.0,3,0,1,0,0,1,0,,,,,,0.3333333333333333,0.6666666666666666
10,1,17.0,1,0,0,0,0,0,0,0,,,,,0.0,1.0
1,1,151.0,2,0,0,0,0,1,0,0,0,,,,0.14285714285714285,0.8571428571428571
1,1,177.0,4,0,0,1,0,1,0,0,1,0,,,0.3333333333333333,0.6666666666666666
1,1,0.0,4,0,0,0,0,1,0,0,1,0,1,-0.3,0.3,0.7
1,1,220.0,5,0,1,0,0,1,0,1,0,0,1,0.6,0.36363636363636365,0.6363636363636364
1,1,235.0,6,1,0,1,0,0,1,0,1,0,0,0.6,0.4166666666666667,0.5833333333333334
5,1,235.0,7,1,1,0,1,0,0,1,0,1,0,0.6,0.46153846153846156,0.5384615384615384
3,1,138.0,1,0,0,0,0,0,0,0,0,0,0,,0.0,1.0
1,1,247.0,8,0,1,1,1,0,1,0,0,1,0,0.9,0.4666666666666667,0.5333333333333333
1,1,265.0,9,1,0,1,1,1,0,1,0,0,1,0.3,0.5,0.5
2,1,178.0,2,0,0,1,0,0,0,0,0,0,0,3.3,0.1,0.9
2,1,0.0,5,0,0,0,0,0,0,0,1,0,0,1.0,0.25,0.75
1,1,363.0,3,0,0,0,0,0,0,0,0,0,0,1.1,0.1111111111111111,0.8888888888888888
1,1,12.0,2,1,0,1,0,0,0,0,0,0,0,1.5,1.0,0.0
6,1,30.0,1,0,0,0,0,0,0,0,0,0,0,5.3,0.0,1.0
2,1,0.0,1,0,0,0,0,0,0,1,1,0,1,1.8,0.0,1.0
1,1,78.0,2,1,0,0,0,0,0,0,1,1,0,1.5,0.25,0.75
1,1,60.0,2,0,0,1,0,0,0,0,0,0,0,4.9,0.3333333333333333,0.6666666666666666
1,1,0.0,3,0,0,0,0,1,1,0,1,0,0,-1.1,0.3333333333333333,0.6666666666666666
1,1,131.0,3,0,0,1,1,0,0,0,0,0,0,1.5,0.2857142857142857,0.7142857142857143
4,1,36.0,1,0,0,0,0,0,0,0,0,0,0,2.6,0.0,1.0
2,1,0.0,4,0,0,1,0,0,0,0,1,1,0,-0.8,0.3333333333333333,0.6666666666666666
14,1,171.0,4,0,0,1,0,0,1,1,0,0,0,0.4,0.3333333333333333,0.6666666666666666
1,1,189.0,5,1,0,0,1,0,0,1,1,0,0,1.7,0.4,0.6
2,1,0.0,5,0,0,1,0,0,1,0,0,0,0,-0.7,0.36363636363636365,0.6363636363636364
3,1,226.0,6,0,1,1,0,0,1,0,0,1,1,1.1,0.4166666666666667,0.5833333333333334
1,1,241.0,7,1,0,1,1,0,0,1,0,0,1,1.3,0.46153846153846156,0.5384615384615384
2,1,256.0,8,1,1,0,1,1,0,0,1,0,0,1.2,0.5,0.5
1,1,264.0,9,1,1,1,0,1,1,0,0,1,0,1.3,0.5333333333333333,0.4666666666666667
2,1,57.0,1,0,0,0,0,0,0,0,0,0,0,0.1,0.0,1.0
2,1,50.0,2,0,0,0,0,0,0,0,0,0,1,3.9,0.07142857142857142,0.9285714285714286
1,1,302.0,10,0,0,1,1,1,1,0,1,1,0,1.1,0.5,0.5
1,1,320.0,11,1,0,0,1,1,1,1,0,1,1,1.2,0.5263157894736842,0.47368421052631576
3,1,22.0,1,0,1,1,0,0,1,1,1,1,0,-0.2,0.0,1.0
2,1,18.0,2,1,0,1,1,0,0,1,1,1,1,0.1,0.5,0.5
1,1,0.0,2,0,0,1,0,0,0,0,0,0,0,-0.6,0.3333333333333333,0.6666666666666666
2,1,66.0,3,0,1,1,0,1,1,0,0,1,1,0.0,0.5,0.5
1,1,120.0,4,1,0,1,1,0,1,1,0,0,1,0.0,0.6,0.4
2,1,133.0,5,1,1,0,1,1,0,1,1,0,0,0.0,0.6666666666666666,0.3333333333333333
1,1,100.0,6,1,1,1,0,1,1,0,1,1,0,0.3,0.7142857142857143,0.2857142857142857
2,1,197.0,1,0,0,0,0,0,0,0,0,0,0,1.3,0.0,1.0
2,1,184.0,7,0,1,1,1,1,0,1,1,0,1,0.3,0.6666666666666666,0.3333333333333333
2,1,15.0,2,0,1,0,0,0,0,0,0,0,0,0.7,0.1,0.9
3,1,188.0,8,0,1,0,1,1,1,1,0,1,1,-0.3,0.6363636363636364,0.36363636363636365
1,1,169.0,1,0,0,0,0,0,0,0,0,0,0,-0.1,0.0,1.0
1,1,169.0,2,1,0,0,0,0,0,0,0,0,0,-0.1,0.09090909090909091,0.9090909090909091
3,1,200.0,1,0,0,0,0,0,0,0,0,0,0,0.6,0.0,1.0
2,1,249.0,9,0,0,0,1,0,1,0,1,1,1,-0.7,0.5333333333333333,0.4666666666666667
3,1,338.0,3,0,0,0,0,0,0,0,0,0,0,-0.2,0.13333333333333333,0.8666666666666667
3,1,230.0,10,0,1,0,0,0,1,0,1,0,1,-0.6,0.5294117647058824,0.47058823529411764
1,1,35.0,4,0,1,0,0,0,0,0,0,0,0,0.2,0.17647058823529413,0.8235294117647058
1,1,387.0,3,0,0,0,0,0,0,0,0,1,0,1.5,0.11764705882352941,0.8823529411764706
1,1,326.0,11,0,0,1,0,1,0,0,0,1,0,-0.5,0.5,0.5
1,1,26.0,1,0,1,0,0,1,0,1,0,0,0,0.2,0.0,1.0
1,1,22.0,2,1,0,1,0,0,1,0,1,0,0,0.1,0.5,0.5
1,1,15.0,3,1,1,0,1,0,0,1,0,1,0,0.2,0.6666666666666666,0.3333333333333333
4,1,20.0,1,0,0,0,0,0,1,0,0,0,0,2.0,0.0,1.0
1,1,39.0,4,0,1,1,1,0,1,0,0,1,0,0.3,0.6,0.4
1,1,45.0,5,1,0,1,1,1,0,1,0,0,1,0.2,0.6666666666666666,0.3333333333333333
10,1,34.0,1,0,0,0,0,0,0,0,0,0,0,-0.6,0.0,1.0
1,1,65.0,6,0,1,1,0,1,1,1,0,1,0,-0.9,0.625,0.375
3,1,0.0,2,0,0,0,0,0,0,0,0,1,0,0.2,0.1111111111111111,0.8888888888888888
2,1,65.0,7,0,1,0,1,1,0,1,1,1,0,-0.7,0.6,0.4
1,1,65.0,8,1,0,1,0,1,1,0,1,1,1,-0.7,0.6363636363636364,0.36363636363636365
2,1,69.0,9,1,1,0,1,0,1,1,0,1,1,-0.7,0.6666666666666666,0.3333333333333333
6,1,74.0,10,1,1,1,0,1,0,1,1,0,1,-0.6,0.6923076923076923,0.3076923076923077
1,1,86.0,11,1,1,1,1,0,1,0,1,1,0,-0.1,0.7142857142857143,0.2857142857142857
5,1,97.0,1,0,0,0,0,0,0,0,0,0,0,-1.1,0.0,1.0
1,1,10.0,2,0,0,0,0,0,0,0,0,0,0,0.8,0.09090909090909091,0.9090909090909091
2,1,343.5,1,1,0,1,1,1,1,1,0,1,0,-0.1,1.0,0.0
3,1,20.0,1,0,0,1,0,0,0,0,0,0,0,0.3,0.0,1.0
2,1,44.0,2,0,1,1,0,1,1,1,1,1,0,0.5,0.6666666666666666,0.3333333333333333
1,1,0.0,3,1,0,1,1,0,1,1,1,1,1,0.8,0.75,0.25
2,1,101.0,2,0,0,1,0,0,1,0,0,0,0,0.5,0.2,0.8
6,1,66.0,1,0,0,0,0,0,0,0,1,0,0,-0.2,0.0,1.0
1,1,138.0,4,0,1,0,0,1,0,0,1,0,0,0.5,0.3333333333333333,0.6666666666666666
1,1,119.0,3,1,0,1,0,0,1,0,0,1,0,0.5,0.42857142857142855,0.5714285714285714
1,1,101.0,5,1,1,0,1,0,0,1,0,0,1,0.9,0.5,0.5
2,1,150.0,4,0,0,0,0,0,1,1,0,1,1,-1.2,0.4,0.6
8,1,4.0,1,0,0,0,0,0,0,0,0,0,0,0.5,0.0,1.0
1,1,202.5,6,0,0,1,1,1,0,1,0,0,1,0.2,0.5,0.5
1,1,221.5,7,1,0,0,1,1,1,0,1,0,0,-0.3,0.5454545454545454,0.45454545454545453
2,1,104.0,1,0,0,0,0,0,0,0,0,0,0,1.5,0.0,1.0
4,1,0.0,5,0,0,0,0,1,0,0,0,0,0,-1.3,0.35714285714285715,0.6428571428571429
1,1,262.5,1,0,0,0,0,0,0,0,0,0,0,3.0,0.0,1.0
1,1,275.5,8,0,0,0,1,1,0,0,1,1,1,1.3,0.5,0.5
3,1,293.5,9,1,0,0,0,1,1,0,0,1,1,1.3,0.5333333333333333,0.4666666666666667
10,1,0.0,6,0,0,0,1,0,0,0,0,1,0,0.9,0.3333333333333333,0.6666666666666666
1,1,0.0,8,1,0,0,0,1,0,0,0,0,1,1.8,0.3684210526315789,0.631578947368421
1,1,387.5,10,0,0,1,1,0,0,0,1,1,0,1.5,0.5,0.5
